,user_id,name,name_
0,48084634,XXXTENTACION,b'XXXTENTACION'
1,10494998,LIL UZI VERT,b'LIL UZI VERT'
2,99685284,Post Malone,b'Post Malone'
3,505203,ETHEREAL,b'ETHEREAL'
4,3932070,Panic! At The Disco,b'Panic! At The Disco'
5,250567331,Lil Yatchy ‚õµÔ∏è,b'Lil Yatchy '
6,1377057,Interscope Records,b'Interscope Records'
9,180986905,Brain Bakery Mag,b'Brain Bakery Mag'
12,67377000,SKI MASK THE SLUMP GOD,b'SKI MASK THE SLUMP GOD'
13,1856723,Fitz and The Tantrums,b'Fitz and The Tantrums'
15,12891691,smokepurpp,b'smokepurpp'
16,29341932,Mackned,b'Mackned'
18,67962887,Rich The Kid,b'Rich The Kid'
19,2406814,UnoTheActivist,b'UnoTheActivist'
21,266075,HORSE HEAD,b'HORSE HEAD'
24,22054085,JorGeHL',"b""JorGeHL'"""
25,105574991,Dj MontanaRare,b'Dj MontanaRare'
27,225793518,juxta / Atom Collector,b'juxta / Atom Collector'
28,114960460,Matthew Wilson 154,b'Matthew Wilson 154'
30,14610102,yunggoth‚ú∞,b'yunggoth'
33,178913424,Stitches,b'Stitches'
34,45843856,Nurma,b'Nurma'
38,233919827,Blurry Pilots,b'Blurry Pilots'
39,59788019,Soaring Radio,b'Soaring Radio'
40,7761734,JohnZoe,b'JohnZoe'
41,4263813,BURGER RECORDS,b'BURGER RECORDS'
42,91517026,win32,b'win32'
43,226517465,Fall Out Boy,b'Fall Out Boy'
44,70904209,nickapiss,b'nickapiss'
45,1072199,FearlessRecords,b'FearlessRecords'
47,75403832,Scorpionium,b'Scorpionium'
48,182689078,GOTHBOICLIQUE,b'GOTHBOICLIQUE'
49,149230786,addivt,b'addivt'
50,4781093,Fueled By Ramen,b'Fueled By Ramen'
51,78592473,Juninho Souza,b'Juninho Souza'
57,20405927,KEY!,b'KEY!'
58,922374,Epitaph Records,b'Epitaph Records'
59,1222764,Hopeless Records,b'Hopeless Records'
60,24019310,Lederrick,b'Lederrick'
61,1577559,There For Tomorrow,b'There For Tomorrow'
64,12001688,copyc4t,b'copyc4t'
65,12579731,TeraBrite,b'TeraBrite'
66,8813564,th3hunter,b'th3hunter'
67,121588493,Karma Rhythm,b'Karma Rhythm'
69,8057582,The Black Keys,b'The Black Keys'
70,10300858,‚ñ≤ KAY P | YUNG SHIVA ‚ñΩ Á•û,b' KAY P | YUNG SHIVA  '
71,108905767,Samar Elsayed,b'Samar Elsayed'
72,79389165,lil pony aka lil bronco,b'lil pony aka lil bronco'
73,453920,WarnerBrosRecords,b'WarnerBrosRecords'
76,171693701,Danny Towers,b'Danny Towers'
77,106902584,Trippie Redd,b'Trippie Redd\x7f'
79,212616144,mariopartier123,b'mariopartier123'
80,41298739,OG Maco,b'OG Maco'
82,11474351,BRENNAN SAVAGE,b'BRENNAN SAVAGE'
83,9679046,Igor Carvalho,b'Igor Carvalho'
86,1283946,HappyHourband,b'HappyHourband'
88,17482957,Jared Kotler,b'Jared Kotler'
89,183700132,INDIE INDONESIA,b'INDIE INDONESIA'
92,204341,BURNS,b'BURNS'
93,31327168,@ryanstaysaucy,b'@ryanstaysaucy'
95,41208298,Monsterjj,b'Monsterjj'
96,4765678,aramis-schultz,b'aramis-schultz'
98,213981982,Pedro Chavez,b'Pedro Chavez'
99,788205,KAYTRANADA,b'KAYTRANADA'
100,48138556,Hipst3r,b'Hipst3r'
102,1433035,Hippie Sabotage,b'Hippie Sabotage'
103,82755540,Smooth Music  We Need,b'Smooth Music  We Need'
104,8553751,Monstercat,b'Monstercat'
105,78276678,Wonderlust,b'Wonderlust'
106,25343050,NoMBe,b'NoMBe'
107,150774631,Your Secret,b'Your Secret'
108,42371429,Aktaridon,b'Aktaridon'
109,114527679,Axl,b'Axl'
110,3399796,MrSuicideSheep,b'MrSuicideSheep'
112,92098484,Jackrichardson 00,b'Jackrichardson 00'
113,131353465,HIGH ON MUSIC,b'HIGH ON MUSIC'
114,51945440,SyrebralVibes,b'SyrebralVibes'
115,22153023,UniversityHype.com,b'UniversityHype.com'
116,152355181,ROOKIES,b'ROOKIES'
117,61189209,Cucoriedka,b'Cucoriedka'
118,140402822,Record Record,b'Record Record'
119,74594593,chinchilla,b'chinchilla'
120,16408184,Kidswaste,b'Kidswaste'
121,101994252,The XXX,b'The XXX'
123,33814476,oshi,b'oshi'
124,141989084,Beauvois,b'Beauvois'
126,2506938,Faraji Farmer,b'Faraji Farmer'
127,2852068,Sonny Alven,b'Sonny Alven'
131,90149759,Lost Kings,b'Lost Kings'
132,186664645,K!efer,b'K!efer'
135,4360546,Kygo,b'Kygo'
137,22854611,Shruee Liana,b'Shruee Liana'
138,68749546,JFerris,b'JFerris'
139,3604146,NOVA,b'NOVA'
142,91742964,ICYTWAT,b'ICYTWAT'
143,94475436,Ivory Oasis,b'Ivory Oasis'
144,21268086,FlicFlac,b'FlicFlac'
145,18977495,V E S T I G E,b'V E S T I G E'
146,196904080,Neekan Doaiy,b'Neekan Doaiy'
148,9766050,relaxdaily,b'relaxdaily'
149,103470313,LAKEY INSPIRED,b'LAKEY INSPIRED'
150,153073241,LOSI,b'LOSI'
151,58852567,kevinwallace14,b'kevinwallace14'
154,24980742,brothel.,b'brothel.'
155,445063,Thissongissick.com,b'Thissongissick.com'
157,66374689,Relax-Meditation Music :),b'Relax-Meditation Music :)'
158,2780678,Ehrling,b'Ehrling'
159,49491120,Tauqeer Ahmad Waheedi,b'Tauqeer Ahmad Waheedi'
160,51620102,vermilioneyed,b'vermilioneyed'
166,910789,Lost Stories Music,b'Lost Stories Music'
167,105210601,Kait√≤-√≥ Con Botas,b'Kait- Con Botas'
169,55904159,SIAN AREA,b'SIAN AREA'
170,4634,Kompakt,b'Kompakt'
173,171928293,Zeds Dead Mixes,b'Zeds Dead Mixes'
174,160122413,slushii,b'slushii'
175,197768664,SHVRDZ,b'SHVRDZ'
178,10936880,Brenni Booth',"b""Brenni Booth'"""
181,90530754,Sean T. Phan,b'Sean T. Phan'
182,4842186,Tora,b'Tora'
183,179628227,los sandrales,b'los sandrales'
185,33535552,Emprise Music,b'Emprise Music'
186,22996155,Celadon City,b'Celadon City'
188,29237449,fraggtracks,b'fraggtracks'
192,61743682,BLVCK,b'BLVCK'
193,128046106,OTODAYO S≈´pa,b'OTODAYO Spa'
195,48533359,Thedragonblade1,b'Thedragonblade1'
196,239374516,Ghost EW,b'Ghost EW'
197,608044,Hivern Discs,b'Hivern Discs'
198,196374075,mattb2,b'mattb2'
199,104500660,CokeStudio,b'CokeStudio'
201,119905839,madeintyo,b'madeintyo'
203,23706060,TCM Underground Official,b'TCM Underground Official'
205,224658016,OnOffJD,b'OnOffJD'
206,62912516,VILLAIN,b'VILLAIN'
208,213556446,StreetzHottestMusic,b'StreetzHottestMusic'
209,102203572,Umer_Yousuf_Chaudhary_30,b'Umer_Yousuf_Chaudhary_30'
210,17692853,Ahmed Gado,b'Ahmed Gado'
211,92353490,Rida‚ô°,b'Rida'
212,29645887,Hasnain,b'Hasnain'
214,140186,chad lawson,b'chad lawson'
215,228554497,Ibrahim Minsh,b'Ibrahim Minsh'
216,5993221,LUCKI,b'LUCKI'
217,114508977,Asad Khan,b'Asad Khan'
218,884151,Glenn Morrison,b'Glenn Morrison'
219,9510801,Massimo Ghianda,b'Massimo Ghianda'
220,22284683,Reese LAFLARE,b'Reese LAFLARE'
221,27034006,Nour Moukhtar,b'Nour Moukhtar'
223,93012492,Emraan barjunglee,b'Emraan barjunglee'
225,54822000,Bonifansius,b'Bonifansius'
226,42301153,Jack Villano Villano,b'Jack Villano Villano'
227,126977709,PakHungama.com,b'PakHungama.com'
228,224054258,spook9988iii,b'spook9988iii'
229,231469112,MPmusic,b'MPmusic'
231,2257657,Devochka,b'Devochka'
232,82938614,Bighoo,b'Bighoo'
233,101270962,Agus Eka,b'Agus Eka'
236,22089431,Bluenchanter,b'Bluenchanter'
237,125716914,MRmlp,b'MRmlp'
238,756204,Ala'a Ahmed !,"b""Ala'a Ahmed !"""
239,21887378,LaVender,b'LaVender'
240,3894128,NŒ£Œ£T,b'NT'
241,897895,rodrigovaz,b'rodrigovaz'
242,53676648,Safena,b'Safena'
243,130238842,AQuariuss,b'AQuariuss'
245,1597332,Farhan Zameer,b'Farhan Zameer'
246,187684638,Best Songs Ever <3,b'Best Songs Ever <3'
247,23998641,NarutoRoleplayG,b'NarutoRoleplayG'
248,34453031,Ahmed Ragab 30,b'Ahmed Ragab 30'
249,61832710,George,b'George'
250,24784871,NESCAF√â Basement,b'NESCAF Basement'
251,160595166,AHMED GADO 8,b'AHMED GADO 8'
252,8366808,Uguru,b'Uguru'
253,247588436,Save Me,b'Save Me'
254,17789414,Dj Suede the remix god,b'Dj Suede the remix god'
255,13765181,Kareem Ahmed,b'Kareem Ahmed'
256,51524247,NED.Music.Society,b'NED.Music.Society'
257,5367367,Jazz Cartier,b'Jazz Cartier'
258,13704083,hassan19872,b'hassan19872'
259,165578416,Hamada Nakata,b'Hamada Nakata'
260,15713027,Raymond TheLionhearted,b'Raymond TheLionhearted'
261,223175015,Pius Fundi,b'Pius Fundi'
262,730570,necmusic,b'necmusic'
263,2811677,Lac Boi Boi,b'Lac Boi Boi'
264,21429650,JRhodesPianist,b'JRhodesPianist'
265,57063063,mohaned zidane,b'mohaned zidane'
266,14900458,Asheezy,b'Asheezy'
267,28724535,Ali Khan,b'Ali Khan'
271,22061585,*PACMAN*AKA*PAC*,b'*PACMAN*AKA*PAC*'
272,9531102,lilypichu,b'lilypichu'
273,41822454,Osage69,b'Osage69'
274,44257469,Raj Kishan,b'Raj Kishan'
275,31601081,dj_khattak,b'dj_khattak'
276,104227523,Video Songs HD ‚ú™,b'Video Songs HD '
279,44915782,DJ LUAN FINAL FELIZ,b'DJ LUAN FINAL FELIZ'
280,219805753,Mongolian PARTY,b'Mongolian PARTY'
281,28094731,Ahmad Qassim II,b'Ahmad Qassim II'
282,71410669,Felipe Santos.,b'Felipe Santos.'
284,28480920,Abida Parveen,b'Abida Parveen'
285,139195220,Ahmed Gado 5,b'Ahmed Gado 5'
286,35405706,Adham Safena,b'Adham Safena'
287,41336589,mrs_slender,b'mrs_slender'
288,8150715,Classicalmuzic.net,b'Classicalmuzic.net'
289,30126884,Tatiana Zoghi,b'Tatiana Zoghi'
290,81636289,ShazZi,b'ShazZi'
291,735621,Flight Facilities,b'Flight Facilities'
292,50638933,Raja Abdar-Rahman,b'Raja Abdar-Rahman'
293,2439762,music-mdc,b'music-mdc'
294,44915220,BFLOWER,b'BFLOWER'
297,5627590,Deryn Cullen - Cellist,b'Deryn Cullen - Cellist'
298,67135896,Veillex01,b'Veillex01'
299,163656612,WSOUNDS |Sertanejo ‚ú™,b'WSOUNDS |Sertanejo '
300,193077584,WSOUNDS |Sertanejo¬≤ ‚ú™,b'WSOUNDS |Sertanejo '
301,217040908,WSOUNDS |Sertanejo¬≥ ‚ú™,b'WSOUNDS |Sertanejo '
306,108563171,Sertanejo 2,b'Sertanejo 2'
307,135141216,JrBorges,b'JrBorges'
308,234253844,WSOUNDS| Naiara Azevedo,b'WSOUNDS| Naiara Azevedo'
316,77024077,WSOUNDS |Sertanejo‚Å¥ ‚ú™,b'WSOUNDS |Sertanejo '
317,162552021,nilsonas,b'nilsonas'
318,155506010,Cole Swindell,b'Cole Swindell'
319,8741361,Country Music Association,b'Country Music Association'
320,8794623,Sertanejo,b'Sertanejo'
321,38013520,AhmedMohie,b'AhmedMohie'
323,99997112,Pedro Corr√™a,b'Pedro Corra'
324,47602649,Dan + Shay,b'Dan + Shay'
328,36177359,Blake Shelton,b'Blake Shelton'
330,3106398,heeduardoh,b'heeduardoh'
332,33890021,Republic Records Staff,b'Republic Records Staff'
333,33915322,luizcaroficial,b'luizcaroficial'
335,4028907,D o n K r e z,b'D o n K r e z'
336,203674703,WSOUNDS| Jorge e Mateus,b'WSOUNDS| Jorge e Mateus'
339,38168831,ROTC Music Publishing,b'ROTC Music Publishing'
341,125726622,SOUND  SERTANEJO 2016  (Oficial),b'SOUND  SERTANEJO 2016  (Oficial)'
342,160625379,Cristian de Almeida,b'Cristian de Almeida'
343,203624329,WSOUNDS| Maiara e Mara√≠sa,b'WSOUNDS| Maiara e Marasa'
344,47550758,Andrew Medhat,b'Andrew Medhat'
346,59551063,Banda Tchimbalai√™,b'Banda Tchimbalai'
347,240629253,Letra Videos,b'Letra Videos'
349,149170648,Brett Eldredge,b'Brett Eldredge'
350,17744233,BillyCurrington,b'BillyCurrington'
352,207042662,Sam Hunt,b'Sam Hunt'
353,1444181,DJ J-Krisp,b'DJ J-Krisp'
354,4538971,ericchurch,b'ericchurch'
357,1245401,thecollectivesounds,b'thecollectivesounds'
359,166463724,RandyProvolone,b'RandyProvolone'
360,93118372,Official Luke Bryan,b'Official Luke Bryan'
361,208004831,Chris Lane,b'Chris Lane'
366,58677736,ZacBrownBand,b'ZacBrownBand'
369,46512734,Gemini,b'Gemini'
370,13798011,COLDHART,b'COLDHART'
373,24147285,Tarek Fadda,b'Tarek Fadda'
375,74380336,Josh Turner Music,b'Josh Turner Music'
377,46589851,James Silaen,b'James Silaen'
378,2998079,Metablocks,b'Metablocks'
380,10758136,Zamad Baig Official,b'Zamad Baig Official'
382,3476570,Warner Music Nashville,b'Warner Music Nashville'
383,27888496,matheussantosv,b'matheussantosv'
384,45388611,GrizzG,b'GrizzG'
390,101687771,CARLOS662,b'CARLOS662'
392,9981727,NB.,b'NB.'
393,11484491,Ardani Ardiyannto,b'Ardani Ardiyannto'
394,193392528,JMUSIC'S | Sertanejo,"b""JMUSIC'S | Sertanejo"""
395,83292390,countrycurls,b'countrycurls'
396,177239128,Diks Subagja,b'Diks Subagja'
398,2068138,Martin Garrix,b'Martin Garrix'
399,27111815,ILLENIUM (Official),b'ILLENIUM (Official)'
400,31538466,GhostDragon,b'GhostDragon'
402,18512467,Galantis,b'Galantis'
403,30005263,TAYLOR GIRLZ,b'TAYLOR GIRLZ'
404,12973937,Bloss House,b'Bloss House'
405,689147,2-Dutch,b'2-Dutch'
406,65399283,zizo_Oo,b'zizo_Oo'
407,24969134,Louis The Child,b'Louis The Child'
408,175766,Spinnin' Records,"b""Spinnin' Records"""
409,253131106,SLANDER VIP,b'SLANDER VIP'
410,351064,R3HAB,b'R3HAB'
411,630356,W&W,b'W&W'
412,146393,DILLONFRANCIS,b'DILLONFRANCIS'
413,110031956,marshmello,b'marshmello'
417,44048653,Chill Planet,b'Chill Planet'
419,245065819,Party Pupils,b'Party Pupils'
420,3398477,JAUZ,b'JAUZ'
421,6344556,TOMSIZE,b'TOMSIZE'
422,191383046,Bruno Torres Remixes,b'Bruno Torres Remixes'
425,5031548,YOUNG BOMBS,b'YOUNG BOMBS'
426,7153863,FALCONS,b'FALCONS'
427,1642029,The Chainsmokers,b'The Chainsmokers'
428,18319759,JUNI,b'JUNI'
429,134130878,Pluto,b'Pluto'
430,140968489,DEFŒõLT,b'DEFLT'
433,12308645,MELENIUM,b'MELENIUM'
434,39752080,Dennis Kruissen,b'Dennis Kruissen'
436,209837865,Paul Gannon II,b'Paul Gannon II'
437,160416669,Heldeep Records,b'Heldeep Records'
438,41915504,Timothy Rodrigues,b'Timothy Rodrigues'
440,4091150,VANIC Official,b'VANIC Official'
441,670089,DJ SNAKE,b'DJ SNAKE'
442,36551572,San Holo,b'San Holo'
444,30049192,Matoma,b'Matoma'
445,47584221,SHAUN FRANK,b'SHAUN FRANK'
446,56069064,Justin Caruso,b'Justin Caruso'
447,48133897,CleverRaisin,b'CleverRaisin'
450,6112511,BLU J,b'BLU J'
451,247021914,Lowly Palace,b'Lowly Palace'
453,168171707,Too Future Mixes,b'Too Future Mixes'
456,14730,Mad Decent,b'Mad Decent'
457,15301962,KAYZO,b'KAYZO'
458,140493193,ABSENCE,b'ABSENCE'
459,168447739,Franxis,b'Franxis'
460,110803581,Jack √ú,b'Jack '
461,6311034,Two Friends.,b'Two Friends.'
462,86612597,ARMNHMR,b'ARMNHMR'
463,2114094,Mike Perry Sweden,b'Mike Perry Sweden'
467,22487532,Ookay,b'Ookay'
468,77696825,Spinnin' Deep,"b""Spinnin' Deep"""
470,3193275,SUBSURFACE (Bootlegs),b'SUBSURFACE (Bootlegs)'
471,146453708,Crankdat VIP,b'Crankdat VIP'
472,166394682,NEIKED,b'NEIKED'
473,41698515,The Him,b'The Him'
474,5636679,Fool's Gold Records,"b""Fool's Gold Records"""
475,204297345,Good Enuff,b'Good Enuff'
476,70394952,Candy Kwon,b'Candy Kwon'
477,64298578,PRO MOTION,b'PRO MOTION'
478,62201440,Jax Jones,b'Jax Jones'
480,18693253,Alan Walker,b'Alan Walker'
481,922413,GETTER,b'GETTER'
482,27818952,Boombox Cartel,b'Boombox Cartel'
485,28686620,Hoaprox,b'Hoaprox'
488,8418070,miikesnow,b'miikesnow'
493,105292,tommiesunshine,b'tommiesunshine'
495,1747251,Cash Cash,b'Cash Cash'
496,19018612,Benny Benassi,b'Benny Benassi'
497,946418,MorrisCode,b'MorrisCode'
498,1714334,Ayo Jay (Boy Wonder),b'Ayo Jay (Boy Wonder)'
499,196821883,Fire,b'Fire'
500,116273441,PARKING507¬Æ,b'PARKING507'
501,23234867,DJ Soundbag,b'DJ Soundbag'
502,118137722,KojoFundsMusic,b'KojoFundsMusic'
503,109618718,EugyOfficial,b'EugyOfficial'
504,4090703,DjKurtRiley,b'DjKurtRiley'
505,3727686,RICKYPLATINUM,b'RICKYPLATINUM'
506,234961237,BLUE DRAGONüéµ,b'BLUE DRAGON'
507,69125470,BigTobz,b'BigTobz'
508,75600100,austifrosty,b'austifrosty'
509,56591741,WarstarDancehall,b'WarstarDancehall'
510,966517,Yensuli,b'Yensuli'
511,7360711,Travis Garland,b'Travis Garland'
512,46094100,Trina,b'Trina'
513,237057834,WBT Empire Music,b'WBT Empire Music'
514,629126,jamaicandancehall,b'jamaicandancehall'
515,156062640,Alkaline Music,b'Alkaline Music'
516,338543,Mixpak,b'Mixpak'
517,149083166,JAY SILVA,b'JAY SILVA'
518,182081377,DEEJAY UNTOUCHABLE,b'DEEJAY UNTOUCHABLE'
519,12148579,Major Lazer [OFFICIAL],b'Major Lazer [OFFICIAL]'
520,194344880,24hrs,b'24hrs'
521,1803989,VP RECORDS,b'VP RECORDS'
522,6944625,KraiGGi-BaDRaSTa,b'KraiGGi-BaDRaSTa'
524,168378871,S I C K I C K,b'S I C K I C K'
525,128793081,ALEX CEEJAY,b'ALEX CEEJAY'
526,17528611,kush_dynastyking,b'kush_dynastyking'
527,26564782,DancehallOfWar,b'DancehallOfWar'
529,3803857,Dj CosS,b'Dj CosS'
531,11362969,SLoWiNe,b'SLoWiNe'
532,8146368,Notnice Records,b'Notnice Records'
533,15711515,My widy,b'My widy'
534,80683550,ThyAscension Muzic,b'ThyAscension Muzic'
536,212308877,TRAVIS BROWN,b'TRAVIS BROWN'
537,999652,Adde Instrumentals,b'Adde Instrumentals'
538,251089018,TrapNinja,b'TrapNinja'
539,247484682,The Tropixs,b'The Tropixs'
540,65339499,Cairo Palmer,b'Cairo Palmer'
541,599839,Herobust,b'Herobust'
542,25882846,Gino Morano [Official] üêµ,b'Gino Morano [Official] '
544,17328740,Arg√ºello,b'Argello'
545,37558647,Dj Kendo,b'Dj Kendo'
547,2274383,Dj Private Ryan,b'Dj Private Ryan'
548,112068557,Muwanguzi Michael,b'Muwanguzi Michael'
550,7673719,@JohnnyMillzAip,b'@JohnnyMillzAip'
551,79254090,lexxredd,b'lexxredd'
553,7625683,Jovanni Dawson,b'Jovanni Dawson'
554,33246329,KickRaux üáØüá≤,b'KickRaux '
555,45748922,DJ Ray Fresh,b'DJ Ray Fresh'
556,25626176,Koolkydd Entertainment,b'Koolkydd Entertainment'
557,119792941,#Dancehall,b'#Dancehall'
559,71125,21st Hapilos Digital Dist,b'21st Hapilos Digital Dist'
560,205163523,likkle keish,b'likkle keish'
563,104423637,Smino,b'Smino'
564,233499958,PriinceMuzik,b'PriinceMuzik'
565,10686092,Solloo,b'Solloo'
567,14539419,‚úîÔ∏èüá¨üáßüå¥Street Vybez Famüå¥üáØüá≤ SVF,b'Street Vybez Fam SVF'
568,79699926,Dancehall Exclusive (RE FOLLOW NOW),b'Dancehall Exclusive (RE FOLLOW NOW)'
569,546206,Atlantic Records,b'Atlantic Records'
570,15330625,DJ Axx,b'DJ Axx'
571,139790902,Daniel Medina,b'Daniel Medina'
573,113157411,ExotiCrew,b'ExotiCrew'
574,6349040,Bear_Green,b'Bear_Green'
575,249137399,DJ NOIZ 2016,b'DJ NOIZ 2016'
578,166909843,DJ ChinwaX üâê,b'DJ ChinwaX '
580,82223434,MafiaTheViper Ent ‚ô¨‚ô¨‚ô¨‚ô¨‚ô¨,b'MafiaTheViper Ent '
582,7515537,YardHypeRadio,b'YardHypeRadio'
584,66400298,MR PATTERN (MUSIC),b'MR PATTERN (MUSIC)'
585,174822356,Ian Emmanuel,b'Ian Emmanuel'
586,2910287,Swagga Right Entertainment,b'Swagga Right Entertainment'
587,6938305,JuniorHype,b'JuniorHype'
589,1095998,DJMotionNE,b'DJMotionNE'
590,11621448,Andre Airplane,b'Andre Airplane'
593,59535950,dante/apollo,b'dante/apollo'
595,196002046,Dancehall Rave Promo,b'Dancehall Rave Promo'
596,3094639,NRMG,b'NRMG'
597,12531769,Nonestopmusic,b'Nonestopmusic'
599,28070123,Steve Void,b'Steve Void'
600,57447226,Sam Feldt,b'Sam Feldt'
601,161345484,Koni,b'Koni'
605,9969027,ADDAL,b'ADDAL'
607,36371410,SNBRN,b'SNBRN'
608,202729432,CH3VY,b'CH3VY'
609,32503304,De Hofnar,b'De Hofnar'
610,2737750,Alok,b'Alok'
611,8361462,Nicolas Haelg,b'Nicolas Haelg'
612,15328579,Tom & Collins,b'Tom & Collins'
613,64684860,Etiquette Noir,b'Etiquette Noir'
615,283094,Deepend,b'Deepend'
616,739873,Alex Cruz,b'Alex Cruz'
617,25131723,Vijay and Sofia,b'Vijay and Sofia'
618,38384346,Felix Jaehn,b'Felix Jaehn'
619,11180360,[ FREE DL ],b'[ FREE DL ]'
620,11252717,[ FEATURE ],b'[ FEATURE ]'
621,99433875,Armada Deep,b'Armada Deep'
623,101312044,Deep Chills,b'Deep Chills'
625,148501881,Tipsy Remixes,b'Tipsy Remixes'
626,108699131,Aux London,b'Aux London'
629,18452988,Descent Into Nice,b'Descent Into Nice'
630,18322593,Niklas Ibach,b'Niklas Ibach'
632,2768949,EDX,b'EDX'
633,1208640,Mahmut Orhan,b'Mahmut Orhan'
634,4713415,KAV VERHOUZER,b'KAV VERHOUZER'
637,28884239,Armada Music,b'Armada Music'
639,17949540,Miami Beats,b'Miami Beats'
640,12475833,Ahmet Kƒ±lƒ±√ß,b'Ahmet Kl'
641,17771501,Alex Schulz Official,b'Alex Schulz Official'
642,54506965,Kungs,b'Kungs'
643,119298687,EDMLead.com House,b'EDMLead.com House'
644,313150,EMOTIONAL,b'EMOTIONAL'
646,66588300,Coby-Joe Mcnamee,b'Coby-Joe Mcnamee'
648,105582166,The Lighthouse,b'The Lighthouse'
649,146086114,R3SIZZE DEEP,b'R3SIZZE DEEP'
650,52153986,Selected.,b'Selected.'
652,6573365,KarlK,b'KarlK'
653,168160673,Selected Tunes,b'Selected Tunes'
654,118992136,BakinBakes,b'BakinBakes'
655,32183508,M√ñWE,b'MWE'
657,5294273,Maklon,b'Maklon'
658,6079739,Speaker of the House,b'Speaker of the House'
659,146015853,Aux Deep,b'Aux Deep'
660,66427359,Melodic Sounds,b'Melodic Sounds'
663,226896998,Air de Paris,b'Air de Paris'
665,116063963,DeepDeMusique,b'DeepDeMusique'
667,99211599,Sevenn,b'Sevenn'
669,16103679,Kiso Armic,b'Kiso Armic'
670,159959441,Sudeep Shakya,b'Sudeep Shakya'
671,185708230,1daytrack.com | Mixtapes,b'1daytrack.com | Mixtapes'
673,136451851,Bare Chill,b'Bare Chill'
675,139894577,Amazing Sounds,b'Amazing Sounds'
676,1279586,The Golden Pony,b'The Golden Pony'
678,26257814,A√©rotique,b'Arotique'
679,235913944,theartistunion.com,b'theartistunion.com'
680,8449408,LarryKoek,b'LarryKoek'
681,258748,[ PROPER PR ],b'[ PROPER PR ]'
683,61387297,NADA,b'NADA'
685,3940904,Pretty Pink,b'Pretty Pink'
688,29986752,Lost Frequencies,b'Lost Frequencies'
691,1836689,Midi Culture,b'Midi Culture'
692,170729809,Chill Nation,b'Chill Nation'
694,29968445,Armin van Buuren,b'Armin van Buuren'
695,260041,MTA Records,b'MTA Records'
696,127662,Gianni Kosta,b'Gianni Kosta'
698,3574420,Oliver Nelson,b'Oliver Nelson'
699,4780642,KRONO,b'KRONO'
700,134472757,Vaughny Vo,b'Vaughny Vo'
702,1096477,Audio Jacker / Discotron,b'Audio Jacker / Discotron'
703,4862932,goshfather,b'goshfather'
704,183775989,Shafin Baloch,b'Shafin Baloch'
705,6202267,Throttle,b'Throttle'
707,113498163,Tipsy Records,b'Tipsy Records'
708,208966674,DjBlaZeOfficial,b'DjBlaZeOfficial'
709,206655257,SYLOW MUSIC,b'SYLOW MUSIC'
711,194110398,ACOT,b'ACOT'
712,189691447,Perfect Havoc Mixtapes,b'Perfect Havoc Mixtapes'
713,1861575,Liva K,b'Liva K'
714,17886776,Naxsy,b'Naxsy'
716,29277625,LoveStyle Records,b'LoveStyle Records'
717,173879,Spirit Soul Records,b'Spirit Soul Records'
719,245164128,Discolovers Podcast,b'Discolovers Podcast'
720,8800385,Osmo,b'Osmo'
722,225636391,lamusicnet,b'lamusicnet'
723,97569188,Camino 84,b'Camino 84'
724,1579950,JONES,b'JONES'
725,233652435,kikok,b'kikok'
727,8565561,Croatia Squad,b'Croatia Squad'
728,110786065,platinumdoug,b'platinumdoug'
729,34190261,Route94,b'Route94'
730,46690142,YUNG BAE,b'YUNG BAE'
734,5577224,Ethan Onyx,b'Ethan Onyx'
735,243834712,musicmixer,b'musicmixer'
737,1651087,Bearoid,b'Bearoid'
738,8478149,mert882,b'mert882'
739,13427333,Aabo,b'Aabo'
740,192285893,Syeda Alma Zaidi,b'Syeda Alma Zaidi'
741,63941653,Mokoa,b'Mokoa'
742,27883158,PAVILLONN,b'PAVILLONN'
744,29759329,Secondcity_uk,b'Secondcity_uk'
746,40681064,Stevi Stuksis,b'Stevi Stuksis'
747,125674111,MDx Junaid,b'MDx Junaid'
748,2302629,The Pool,b'The Pool'
749,127233266,Spirit Soul Mixes,b'Spirit Soul Mixes'
751,39564,Boys Noize,b'Boys Noize'
753,8194074,KVSH,b'KVSH'
755,35008789,Zerb,b'Zerb'
756,187010527,Iasmin Soares,b'Iasmin Soares'
757,245330064,DoctorMusic,b'DoctorMusic'
758,1081099,Moredan,b'Moredan'
759,141721909,Wingtip,b'Wingtip'
762,34097522,Oskar Kolasi≈Ñski,b'Oskar Kolasiski'
763,6479052,K'nan,"b""K'nan"""
764,258855,XX EDITS,b'XX EDITS'
766,3919956,YULTRON,b'YULTRON'
768,38382601,FIBRE,b'FIBRE'
770,160364073,cris dinero,b'cris dinero'
771,193190554,Lost Village Festival,b'Lost Village Festival'
772,12723013,Laurenson,b'Laurenson'
773,152042459,Djtito RD,b'Djtito RD'
774,184697490,Adam Hashh,b'Adam Hashh'
775,4851683,Moon Boots,b'Moon Boots'
776,260622282,Keljet Tapes,b'Keljet Tapes'
778,231679860,Br√Ø√§n √Ñnt√∂n√Øo,b'Brn ntno'
779,74118209,Dr Packer,b'Dr Packer'
780,191783188,Midnight Club,b'Midnight Club'
781,41091397,Sam Prock,b'Sam Prock'
782,7961568,Barƒ±≈ü,b'Bar'
784,195027207,Dj Shaka ‚ú™,b'Dj Shaka '
786,62153040,Amherst,b'Amherst'
788,237833849,Good Plus,b'Good Plus'
790,2203437,silvanemesis,b'silvanemesis'
791,139021579,Max Creme del Creme,b'Max Creme del Creme'
793,18554789,[CLEAR MIX],b'[CLEAR MIX]'
794,252567253,bajwa1993,b'bajwa1993'
795,41522860,DUBDOGZ,b'DUBDOGZ'
796,75515156,Kid Luci,b'Kid Luci'
797,183584,Sharam Jey,b'Sharam Jey'
799,28034,DJ Phantasy,b'DJ Phantasy'
800,1030240,K+Lab,b'K+Lab'
801,174756057,Nela üôà,b'Nela '
802,16069159,NCS,b'NCS'
805,262372,Stickybuds~,b'Stickybuds~'
806,29694103,Mashd N Kutcher,b'Mashd N Kutcher'
809,1451076,1991,b'1991'
810,14810,Aud!o DNB,b'Aud!o DNB'
811,415957,Macky Gee,b'Macky Gee'
814,12104873,DrumNBass,b'DrumNBass'
815,714458,Dimension,b'Dimension'
818,233917149,Satsujin,b'Satsujin'
819,268013,Heist,b'Heist'
822,27796673,INVISIBLE,b'INVISIBLE'
824,39346322,Heroic.,b'Heroic.'
828,1563075,3BEAT,b'3BEAT'
829,200416485,Noisia Radio,b'Noisia Radio'
830,2943614,Loadstar,b'Loadstar'
833,516515,Agressor Bunx,b'Agressor Bunx'
834,40041272,Dazzle and Spank Studio's,"b""Dazzle and Spank Studio's"""
836,440871,Shogun Audio,b'Shogun Audio'
837,42447,Rene LaVice,b'Rene LaVice'
838,65147,DELTŒî HEŒîVY,b'DELT HEVY'
839,4521252,EATBRAIN,b'EATBRAIN'
840,11559731,sunandbass,b'sunandbass'
841,252623270,Mohican Sun,b'Mohican Sun'
842,9182190,Drum&BassArena,b'Drum&BassArena'
844,39006678,BlackoutMusicNL,b'BlackoutMusicNL'
846,11200454,SNELY (OFFICIAL),b'SNELY (OFFICIAL)'
847,53864020,KANINE,b'KANINE'
848,184528224,Vibe Central Recordings,b'Vibe Central Recordings'
850,116681,NOISIA,b'NOISIA'
851,1207292,Virtual Riot,b'Virtual Riot'
855,1076327,TechniqueRecordings,b'TechniqueRecordings'
856,3631627,Droideka,b'Droideka'
857,10579472,Olivia Escuyos,b'Olivia Escuyos'
858,109925106,R√°dioCosta√©Gold¬Æ,b'RdioCostaGold'
859,843252,Culture Shock,b'Culture Shock'
862,462976,Erb N Dub,b'Erb N Dub'
865,1146345,Metrik,b'Metrik'
866,232792434,SaSaSaS,b'SaSaSaS'
867,415653,UKF,b'UKF'
868,1279130,DJ Premium,b'DJ Premium'
873,659761,Seven Lions,b'Seven Lions'
874,3446998,ANDY C ram,b'ANDY C ram'
877,251910691,Jun Kuroda_bootleg,b'Jun Kuroda_bootleg'
882,11439075,DJFreshUK,b'DJFreshUK'
884,250450,Turno,b'Turno'
885,81417236,Jump Up Skank,b'Jump Up Skank'
886,77744579,Othercide Records,b'Othercide Records'
887,5192746,Scay,b'Scay'
888,5761519,Matrix & Futurebound,b'Matrix & Futurebound'
889,441026,DJ Looney,b'DJ Looney'
891,19179,Playaz,b'Playaz'
892,58764,Photon snake,b'Photon snake'
894,2931170,DJ GUV (OFFICIAL),b'DJ GUV (OFFICIAL)'
897,300460,NeurofunkGrid,b'NeurofunkGrid'
898,856062,Skrillex,b'Skrillex'
899,4800,Flux Pavilion,b'Flux Pavilion'
900,62100,Excision,b'Excision'
903,40351122,Disciple ‚ôõ ‚ôú ‚ôû,b'Disciple   '
904,5788538,Pegboard Nerds,b'Pegboard Nerds'
907,16479041,SNAILS,b'SNAILS'
908,2431310,Adventure Club,b'Adventure Club'
910,87867,Bare Noize,b'Bare Noize'
911,54577794,All Good Records,b'All Good Records'
914,74269969,thedopestdrops,b'thedopestdrops'
916,2323997,Zomboy,b'Zomboy'
918,3576993,Insomniac Events,b'Insomniac Events'
919,63493914,EDM.com,b'EDM.com'
920,3158948,Dubstep,b'Dubstep'
921,60663,Borgore,b'Borgore'
924,101993857,Pantheon,b'Pantheon'
928,1540163,Different Heaven,b'Different Heaven'
929,1919643,WIWEK,b'WIWEK'
931,156859,The Frim,b'The Frim'
935,5120454,Longarms.,b'Longarms.'
936,305413,Zeds Dead,b'Zeds Dead'
939,3797388,DotEXE,b'DotEXE'
940,3992793,Synchronice,b'Synchronice'
941,202908378,Y≈åKAII,b'YKAII'
942,4501444,Circus Records Official,b'Circus Records Official'
944,1381883,MANTIS Music,b'MANTIS Music'
945,2566439,jPhelpz,b'jPhelpz'
946,265325,Kill The Noise,b'Kill The Noise'
947,48666393,B-Benil,b'B-Benil'
948,176150,‡ºÑ Tha Trickaz ‚òÅ,b' Tha Trickaz '
951,95134076,Shadow Phoenix,b'Shadow Phoenix'
953,2511775,DISSOLVES,b'DISSOLVES'
954,18217449,Firepower Records,b'Firepower Records'
957,1599101,KDrew,b'KDrew'
959,6132947,Standard&Push,b'Standard&Push'
963,1412407,SKisM,b'SKisM'
964,5880741,Xan Griffin,b'Xan Griffin'
965,35945,Figure,b'Figure'
966,16830104,Dubstep Deejay,b'Dubstep Deejay'
968,7948754,blacknoobie22,b'blacknoobie22'
969,40351414,Buygore,b'Buygore'
971,342728,Habstrakt,b'Habstrakt'
974,171642704,Neko Wannabi,b'Neko Wannabi'
976,2068517,SPAG HEDDY,b'SPAG HEDDY'
977,364118,CookieMonstatc,b'CookieMonstatc'
979,124036205,Never Say Die Black Label,b'Never Say Die Black Label'
983,147853091,PRIMAL RECORDS,b'PRIMAL RECORDS'
990,2492807,DubstepGutter,b'DubstepGutter'
995,36596204,PHLUX,b'PHLUX'
996,18973395,Arkay,b'Arkay'
1003,2976616,Flume,b'Flume'
1005,75297153,HOTEL GARUDA,b'HOTEL GARUDA'
1006,192905967,XO Collective,b'XO Collective'
1007,3436341,CASHMERE CAT,b'CASHMERE CAT'
1008,1573380,Big Gigantic,b'Big Gigantic'
1009,179726140,Jupe VIP,b'Jupe VIP'
1010,106731987,Naderi,b'Naderi'
1013,17467375,LIL JON,b'LIL JON'
1014,27059681,Mura Masa,b'Mura Masa'
1015,16509370,PETIT BISCUIT,b'PETIT BISCUIT'
1016,128082007,Foreign Family Collective,b'Foreign Family Collective'
1017,16095064,Far East Movement,b'Far East Movement'
1018,38749873,Mickey Valen,b'Mickey Valen'
1019,11797934,OWSLA,b'OWSLA'
1021,49494547,Aux Paris,b'Aux Paris'
1023,22025100,ARYAY,b'ARYAY'
1027,10920564,Stephen,b'Stephen'
1029,1168435,Clean Bandit,b'Clean Bandit'
1030,3392465,Aero Chord,b'Aero Chord'
1031,83852890,WRLD,b'WRLD'
1032,33525051,Alina Baraz,b'Alina Baraz'
1033,11908863,Kasbo,b'Kasbo'
1034,1541843,Goldroom,b'Goldroom'
1037,16059310,Lane 8,b'Lane 8'
1038,421873,M83,b'M83'
1040,15131532,Undiscovered Sounds,b'Undiscovered Sounds'
1041,1250904,Porter Robinson,b'Porter Robinson'
1042,3514469,RL Grime,b'RL Grime'
1043,24800225,LINDI,b'LINDI'
1046,18604897,ODESZA,b'ODESZA'
1047,3515905,Rain Man,b'Rain Man'
1048,831847,Brodinski,b'Brodinski'
1049,198395032,SHIROTH,b'SHIROTH'
1050,19652806,TastyTreat,b'TastyTreat'
1053,375,future classic,b'future classic'
1055,44124801,Icarus,b'Icarus'
1058,108856420,Whethan,b'Whethan'
1059,58879381,Gryffin Official,b'Gryffin Official'
1062,255948,SWEATER BEATS,b'SWEATER BEATS'
1063,153420123,Ellusive,b'Ellusive'
1064,1326413,Lemaitre,b'Lemaitre'
1065,6289,The Glitch Mob,b'The Glitch Mob'
1070,166245493,Spin The Sound,b'Spin The Sound'
1071,120480729,Shoolz,b'Shoolz'
1072,232752420,No Fundo Da Caixa,b'No Fundo Da Caixa'
1073,44524142,AronChupa,b'AronChupa'
1075,110021,GRiZ,b'GRiZ'
1079,23207907,Tarro,b'Tarro'
1082,14449884,Win and Woo,b'Win and Woo'
1085,13250284,Melvv,b'Melvv'
1088,105504173,HEXAGON,b'HEXAGON'
1090,59843610,Rando,b'Rando'
1092,488287,Galimatias,b'Galimatias'
1093,1426742,Axel Thesleff,b'Axel Thesleff'
1094,5762213,DEVAULT,b'DEVAULT'
1098,510022,Couch King Presents,b'Couch King Presents'
1099,250668,Nettwerk Music Group,b'Nettwerk Music Group'
1100,4371266,EDEN,b'EDEN'
1105,24456122,rachie Íí∞‚ú©‚Äôœâ`‡´¢‚ú©Íí±,b'rachie `'
1108,95824500,Oh Wonder,b'Oh Wonder'
1109,114951235,Jasmin M.,b'Jasmin M.'
1110,22556605,Tom Odell,b'Tom Odell'
1111,64440248,SoULuvMuziq,b'SoULuvMuziq'
1113,34609185,James TW,b'James TW'
1114,1570159,LykkeLi,b'LykkeLi'
1116,37223,Stayloose,b'Stayloose'
1117,13375684,gnash,b'gnash'
1118,6645344,FLOAT,b'FLOAT'
1119,95982,Ninja Tune,b'Ninja Tune'
1120,12068953,Mademoiselle,b'Mademoiselle'
1121,1275334,Andrew Belle,b'Andrew Belle'
1122,152468368,Wai Lana Music,b'Wai Lana Music'
1124,8735675,Omuniuum,b'Omuniuum'
1125,21546604,rcbuenaventura,b'rcbuenaventura'
1126,17537308,Zella Day,b'Zella Day'
1127,3200603,FOLK SOUNDZ,b'FOLK SOUNDZ'
1128,188677615,Sama Hassan,b'Sama Hassan'
1130,104332242,Wild Christopher !,b'Wild Christopher !'
1131,41632818,Cobi,b'Cobi'
1134,46982584,Khumariyaan (Official),b'Khumariyaan (Official)'
1135,3329535,DJ Monte-S,b'DJ Monte-S'
1136,132874594,ShavOfficial Music,b'ShavOfficial Music'
1137,21282400,Quentin__Miller,b'Quentin__Miller'
1138,199897,Passenger,b'Passenger'
1139,166462326,rachellemaust,b'rachellemaust'
1140,166120566,The Gentle Fox,b'The Gentle Fox'
1141,23620049,CielNgnn,b'CielNgnn'
1142,505425,Vagrant Records,b'Vagrant Records'
1143,58359890,nugahichiro,b'nugahichiro'
1144,31146219,Audio Vacation,b'Audio Vacation'
1145,38183239,Lullaby Babies,b'Lullaby Babies'
1146,5529766,Ady Suleiman,b'Ady Suleiman'
1147,98422440,Amin Fahad Ali,b'Amin Fahad Ali'
1148,24888042,AndrewMcMahon,b'AndrewMcMahon'
1149,21533753,Groundbreaking,b'Groundbreaking'
1151,421615,Tom Rosenthal,b'Tom Rosenthal'
1152,68404532,Jasmine Sandlas,b'Jasmine Sandlas'
1153,2835531,RadioMem,b'RadioMem'
1154,212046912,Ruth B,b'Ruth B'
1155,206883617,WILDES,b'WILDES'
1156,1179077,INgroovesmarketing,b'INgroovesmarketing'
1157,4768787,monkey mind,b'monkey mind'
1158,1871187,RedHead Road,b'RedHead Road'
1159,527845,Sub Pop,b'Sub Pop'
1160,149502656,mixail,b'mixail'
1161,172873,Mr. Bill,b'Mr. Bill'
1162,96543367,Samuel Proffitt,b'Samuel Proffitt'
1164,69762251,Shazia Bangash,b'Shazia Bangash'
1165,245771770,Khadija Ali,b'Khadija Ali'
1166,20058458,FaFaNiToM,b'FaFaNiToM'
1167,1398464,Jagjaguwar,b'Jagjaguwar'
1168,3685019,Ed Sheeran,b'Ed Sheeran'
1169,1352492,Record Records,b'Record Records'
1170,85228192,James Ocean,b'James Ocean'
1171,12075931,sharjeelmadxeightx,b'sharjeelmadxeightx'
1172,30030497,RHODES,b'RHODES'
1173,90211516,Atlas Bound,b'Atlas Bound'
1174,29182,Mike Posner,b'Mike Posner'
1175,28794737,James  Bay,b'James  Bay'
1177,23689971,chruglatu,b'chruglatu'
1178,4026303,Hedgardl,b'Hedgardl'
1179,5960127,Dj Ubm Singh,b'Dj Ubm Singh'
1180,117739965,Hollow Coves,b'Hollow Coves'
1181,1269328,Proper Music Distribution,b'Proper Music Distribution'
1182,155437995,yungdesi,b'yungdesi'
1183,3093364,„Ç¥„Éº„Çπ„Éào1,b'o1'
1184,49198527,sexualexis,b'sexualexis'
1185,8664290,Andrew Gavin Williams,b'Andrew Gavin Williams'
1186,31295724,MT Bedair,b'MT Bedair'
1188,7715886,Ay-Jay,b'Ay-Jay'
1189,202532834,Sallaria,b'Sallaria'
1191,7694202,benrector,b'benrector'
1192,97198104,Mohan Lall,b'Mohan Lall'
1194,11511654,Terrible Records,b'Terrible Records'
1195,34361200,MARC E. BASSY,b'MARC E. BASSY'
1197,4275197,FRANK LEONE,b'FRANK LEONE'
1198,20665501,youngma,b'youngma'
1199,71223630,21 Savage,b'21 Savage'
1200,4614033,Big Baby D.R.A.M.,b'Big Baby D.R.A.M.'
1202,4917203,Amin√©,b'Amin'
1203,15017483,Migos,b'Migos'
1205,107010237,"Lil Yachty, RD, Lil Boat","b'Lil Yachty, RD, Lil Boat'"
1206,65593980,Rob $TONE,b'Rob $TONE'
1207,40174345,Travis Scott,b'Travis Scott'
1208,7436630,Future,b'Future'
1211,207970092,French Montana,b'French Montana'
1212,6335911,Nebu Kiniza,b'Nebu Kiniza'
1213,43010623,asad,b'asad'
1214,6969243,"""Chance The Rapper""","b'""Chance The Rapper""'"
1215,72181005,Kodak Black,b'Kodak Black'
1216,100910303,Ugly God,b'Ugly God'
1217,179900582,LifeOfDesiigner,b'LifeOfDesiigner'
1218,45177625,PnB Rock,b'PnB Rock'
1220,69676909,Rae Sremmurd,b'Rae Sremmurd'
1221,10332955,A BOOGIE WIT DA HOODIE,b'A BOOGIE WIT DA HOODIE'
1222,17364301,$UICIDEBOY$,b'$UICIDEBOY$'
1224,35225382,FettyWap1738,b'FettyWap1738'
1228,23393657,Zay Hilfigerr,b'Zay Hilfigerr'
1233,2422969,psmirf-1,b'psmirf-1'
1235,228408362,Joey Bada$$,b'Joey Bada$$'
1236,28970722,ToryLanez,b'ToryLanez'
1237,11877500,Young Thug,b'Young Thug'
1240,215662654,sam,b'sam'
1241,200928800,AWGE SHIT,b'AWGE SHIT'
1242,104809795,-|T|RAP-,b'-|T|RAP-'
1243,19252023,Russ,b'Russ'
1245,122760163,YFN LUCCI,b'YFN LUCCI'
1246,165303855,PLYLIST,b'PLYLIST'
1252,38863592,Kevin Gates,b'Kevin Gates'
1253,24807743,Nav,b'Nav'
1255,51460878,Kap G,b'Kap G'
1256,207969362,YG,b'YG'
1258,207842091,Dae Dae LoveLife,b'Dae Dae LoveLife'
1261,3197094,brysontiller,b'brysontiller'
1263,63065996,üí•MazzaSoundüéµ,b'MazzaSound'
1265,6786989,DMVFollowers,b'DMVFollowers'
1266,8204545,speakerknockerz,b'speakerknockerz'
1268,184461739,Jeffry Lee,b'Jeffry Lee'
1269,181330106,World Star Music,b'World Star Music'
1272,229860372,guccimanelaflare,b'guccimanelaflare'
1275,4791237,DENZELCURRYPH,b'DENZELCURRYPH'
1276,103330939,Z-Raww,b'Z-Raww'
1277,51562330,Kehlani,b'Kehlani'
1281,4371329,EMPIRE,b'EMPIRE'
1285,20352262,playboicarti,b'playboicarti'
1290,231274602,Boombox,b'Boombox'
1291,189230022,Hits On Fleek,b'Hits On Fleek'
1294,66194869,GottiBenz,b'GottiBenz'
1295,158688609,Famous Dex,b'Famous Dex'
1297,956458,Dj Carnage,b'Dj Carnage'
1298,31037,Don Diablo,b'Don Diablo'
1300,208934,Calvin Harris,b'Calvin Harris'
1301,1870474,Michael Calfan,b'Michael Calfan'
1303,118319,Chris Lake,b'Chris Lake'
1304,50762861,Deejay Alex Ti√©,b'Deejay Alex Ti'
1305,16730,Diplo,b'Diplo'
1306,16200079,Nixxonmusic,b'Nixxonmusic'
1309,15708649,Vintage Culture,b'Vintage Culture'
1310,199197,Steve Aoki,b'Steve Aoki'
1311,167893079,CONFESSION,b'CONFESSION'
1312,2928615,GAMPER & DADONI,b'GAMPER & DADONI'
1313,12073867,Filatov & Karas,b'Filatov & Karas'
1315,1316565,The Magician,b'The Magician'
1316,572691,Sikdope,b'Sikdope'
1317,2709976,Musical Freedom,b'Musical Freedom'
1319,187913335,Jacob Waller Edits,b'Jacob Waller Edits'
1320,1271874,Kaskade,b'Kaskade'
1322,234332209,Press Play (mixes & bootlegs),b'Press Play (mixes & bootlegs)'
1330,4904351,David Guetta,b'David Guetta'
1331,326153,UltraMusic,b'UltraMusic'
1332,40696840,Boehm,b'Boehm'
1334,22859598,Tim Gunter,b'Tim Gunter'
1336,97917441,Heldeep Radio,b'Heldeep Radio'
1339,23045487,Heyder,b'Heyder'
1341,640518,TOM ZANETTI & K.O KANE,b'TOM ZANETTI & K.O KANE'
1342,7293319,Robin Schulz,b'Robin Schulz'
1345,296190,HARDWELL,b'HARDWELL'
1346,4152527,DVBBS,b'DVBBS'
1350,109859243,Echelon,b'Echelon'
1351,244020583,NRW1,b'NRW1'
1352,80800871,Endor,b'Endor'
1353,724640,Revealed Recordings,b'Revealed Recordings'
1356,274197,dimitrivegasandlikemike,b'dimitrivegasandlikemike'
1357,1377480,Candyland,b'Candyland'
1358,134507405,Music Hub Future,b'Music Hub Future'
1359,141707,Ti√´sto,b'Tisto'
1360,46498849,Albin Skoog,b'Albin Skoog'
1361,88292124,David Zowie (DZ),b'David Zowie (DZ)'
1363,107930687,LYD,b'LYD'
1365,244135282,Fumaratto Ferroso III,b'Fumaratto Ferroso III'
1366,54464,dannydove,b'dannydove'
1367,25266855,Kayliox,b'Kayliox'
1368,141189680,Treasured Tape,b'Treasured Tape'
1369,6161527,SCNDL,b'SCNDL'
1370,53811920,filous,b'filous'
1373,228708020,Kexwell,b'Kexwell'
1374,37615690,Mulshine,b'Mulshine'
1375,144254278,MALAA,b'MALAA'
1377,209834839,AaronDickson,b'AaronDickson'
1378,34994724,~ Tchami ~,b'~ Tchami ~'
1380,126926631,Angus Brunsdon,b'Angus Brunsdon'
1382,82787015,Future House Music,b'Future House Music'
1383,5614319,House,b'House'
1385,26533367,MKJ,b'MKJ'
1387,242518537,DJ DASTEN NEW,b'DJ DASTEN NEW'
1388,9511797,Shadow Child,b'Shadow Child'
1390,180178687,Jamie Milne,b'Jamie Milne'
1393,2348275,Lucas & Steve,b'Lucas & Steve'
1394,243611380,TrashDog Archive,b'TrashDog Archive'
1395,1887081,3LAU,b'3LAU'
1397,188840331,Craig Bell ‚ôõ,b'Craig Bell '
1399,10731939,Jerry Folk,b'Jerry Folk'
1401,20085067,Joe Mason,b'Joe Mason'
1403,12890152,Taylor Bennett,b'Taylor Bennett'
1404,149532453,Ella Vos,b'Ella Vos'
1405,3080174,Gazzo,b'Gazzo'
1406,22586407,Topaz Jones,b'Topaz Jones'
1407,43467856,Ben Phipps üêò,b'Ben Phipps '
1411,11787993,Qasim Sultan,b'Qasim Sultan'
1413,209865882,√Ä La Mer,b' La Mer'
1414,3402022,Unday Records,b'Unday Records'
1415,100386548,Rag'N'Bone Man,"b""Rag'N'Bone Man"""
1417,41200197,Jenn-n,b'Jenn-n'
1420,17485196,Upcast Music,b'Upcast Music'
1422,212254225,Ruby Empress,b'Ruby Empress'
1423,163948119,DAFRICAN,b'DAFRICAN'
1424,26417430,GiorgioMoroder,b'GiorgioMoroder'
1427,2198674,Parra for Cuva,b'Parra for Cuva'
1429,87105617,Billie Eilish,b'Billie Eilish'
1430,191900612,Two Feet,b'Two Feet'
1431,3528180,Crywolf,b'Crywolf'
1436,7960866,Steve James,b'Steve James'
1437,21801609,BAYNK,b'BAYNK'
1439,178669195,Codex,b'Codex'
1440,9129763,capturedtracks,b'capturedtracks'
1441,7745782,King Deco,b'King Deco'
1446,214844230,PHIL GOOD,b'PHIL GOOD'
1447,156555160,Coast Modern,b'Coast Modern'
1448,42640307,Danelle,b'Danelle'
1450,20174617,Clones of Clones,b'Clones of Clones'
1451,4514182,Atlas Genius,b'Atlas Genius'
1452,4630354,T·¥Ä è ü·¥è Ä W…™s·¥á,b'T Ws'
1453,66077808,Prelow,b'Prelow'
1454,453273,Wichita Recordings,b'Wichita Recordings'
1455,1431736,R√úF√úS / R√úF√úS DU SOL,b'RFS / RFS DU SOL'
1456,70692,RAC,b'RAC'
1457,14067279,Edward Sharpe Mag Zeros,b'Edward Sharpe Mag Zeros'
1458,1264193,Sureshaker Music,b'Sureshaker Music'
1459,40682632,Ikhsan Agung,b'Ikhsan Agung'
1461,10398086,T√ºlpa,b'Tlpa'
1462,17144173,F A Y D E,b'F A Y D E'
1463,44642166,Chris Pendergraft,b'Chris Pendergraft'
1464,22144015,instupendo,b'instupendo'
1465,35484758,jeremy zucker,b'jeremy zucker'
1466,1141873,Labelgum,b'Labelgum'
1467,41827465,Fourtwnty,b'Fourtwnty'
1472,5803529,Grizzly Bear,b'Grizzly Bear'
1473,234881869,"dream, ivory","b'dream, ivory'"
1474,1637101,Sleeping At Last,b'Sleeping At Last'
1477,75916890,Infinit,b'Infinit'
1481,137833642,No Vacation,b'No Vacation'
1482,16646967,Cloud Nothings,b'Cloud Nothings'
1490,52116743,ECHOS,b'ECHOS'
1491,39409834,Molly Moore,b'Molly Moore'
1492,55931196,VARSITY,b'VARSITY'
1493,5667339,Moses Sumney,b'Moses Sumney'
1496,12253060,ELOHIM,b'ELOHIM'
1497,32384709,drumaq,b'drumaq'
1499,37415962,Raury,b'Raury'
1501,47050171,awetinoo,b'awetinoo'
1502,25449531,Jacarand√°,b'Jacarand'
1503,2818752,Miri Meri,b'Miri Meri'
1504,2713187,Elijah Fox,b'Elijah Fox'
1506,16083577,FloFilz,b'FloFilz'
1507,13977783,KA-YU,b'KA-YU'
1508,31544603,DJMacinni,b'DJMacinni'
1509,23326014,Andrie-Newbies,b'Andrie-Newbies'
1510,247332305,HearAndLikeIt Universe,b'HearAndLikeIt Universe'
1511,4782679,PhizzyPhizzy,b'PhizzyPhizzy'
1514,32065406,Kyle Ting,b'Kyle Ting'
1515,157887361,Omar Virage Sud,b'Omar Virage Sud'
1516,11821353,yael wolfenson,b'yael wolfenson'
1517,20472303,Michael Seyer,b'Michael Seyer'
1518,4345199,DAVE B,b'DAVE B'
1520,82239102,Gilles Peterson Worldwide,b'Gilles Peterson Worldwide'
1521,24139716,ItsRaVaughn,b'ItsRaVaughn'
1522,20409861,Tessatioarina,b'Tessatioarina'
1523,12747727,ElliIngram,b'ElliIngram'
1524,6784653,Edo Lee,b'Edo Lee'
1525,26648085,Bruno Takano,b'Bruno Takano'
1526,32189256,Reyna Biddy,b'Reyna Biddy'
1528,64895198,Alex,b'Alex'
1529,38160405,Aloysius Chay,b'Aloysius Chay'
1530,25524560,edubravogo,b'edubravogo'
1531,64151841,ST4RBUCK,b'ST4RBUCK'
1532,62777521,Islam Ramadan8,b'Islam Ramadan8'
1533,29407035,Andry Setiawan 1,b'Andry Setiawan 1'
1534,40881430,Alisha Icha,b'Alisha Icha'
1535,2643202,Maxxie1129,b'Maxxie1129'
1536,47685914,Miranda Foxx,b'Miranda Foxx'
1537,14610098,M√£ozinha,b'Mozinha'
1538,99887750,PuppyRelp,b'PuppyRelp'
1539,80660329,Poyo Spirit,b'Poyo Spirit'
1540,52269837,tamarosianipar,b'tamarosianipar'
1541,49001645,Yuly Carranza,b'Yuly Carranza'
1542,28498658,Shima Shima Shima,b'Shima Shima Shima'
1544,30933767,feelelneel,b'feelelneel'
1545,26760366,Isabel Vianna Fotografias,b'Isabel Vianna Fotografias'
1546,108349396,Musigen,b'Musigen'
1547,3040617,Rodriguinho,b'Rodriguinho'
1548,28416621,Stay See,b'Stay See'
1550,11284014,BADBADNOTGOOD,b'BADBADNOTGOOD'
1552,25811500,Itamar Junior (Ita),b'Itamar Junior (Ita)'
1553,2831272,monsoonika,b'monsoonika'
1554,4243100,shashierzsong,b'shashierzsong'
1555,151471482,FacialWeight,b'FacialWeight'
1556,11351957,Danz Cheng Shih Ee,b'Danz Cheng Shih Ee'
1557,115607776,Planet Giza,b'Planet Giza'
1558,542134,dubmatix,b'dubmatix'
1559,14123935,Mukunda M'Tandari,"b""Mukunda M'Tandari"""
1560,34242712,Ereny Youssef,b'Ereny Youssef'
1561,13299191,iMcke,b'iMcke'
1562,167544294,Black StarZ,b'Black StarZ'
1563,199943,Bubblefunk | DJ,b'Bubblefunk | DJ'
1565,870943,Inner Ocean Records,b'Inner Ocean Records'
1566,47252672,resti yustika,b'resti yustika'
1567,22335016,Alikaislamadina,b'Alikaislamadina'
1568,35711758,thatswingsinginthing,b'thatswingsinginthing'
1569,67640510,Hanan Gobran,b'Hanan Gobran'
1570,32137746,gafirzl,b'gafirzl'
1571,23509427,JWilborn,b'JWilborn'
1572,18594680,saib.,b'saib.'
1573,752705,BOILER ROOM,b'BOILER ROOM'
1574,2361289,asgushi,b'asgushi'
1575,207964087,Wayne Shorter,b'Wayne Shorter'
1576,2019686,Tom Misch,b'Tom Misch'
1577,20645364,DaMindTraveler,b'DaMindTraveler'
1578,45028036,Sapphire_MJW,b'Sapphire_MJW'
1579,20484400,hezkiadi,b'hezkiadi'
1580,40098749,Youssef Aliii,b'Youssef Aliii'
1581,537144,Caribou.,b'Caribou.'
1582,8152540,taroskanyan,b'taroskanyan'
1583,13188412,Titouan Harel,b'Titouan Harel'
1584,25958183,Castelluzzo,b'Castelluzzo'
1585,2281521,OUSKŒõ,b'OUSK'
1586,21913805,trapdoor,b'trapdoor'
1587,570385,BRAINFEEDER,b'BRAINFEEDER'
1588,3022948,K-391,b'K-391'
1589,1918355,angelocarmella,b'angelocarmella'
1591,3990522,MadeleinePeyroux,b'MadeleinePeyroux'
1592,83237258,Sixtorein,b'Sixtorein'
1593,584898,Sammy Bananas,b'Sammy Bananas'
1594,73692689,Lika Jaliashvili,b'Lika Jaliashvili'
1595,19642696,Faviola Aguilar 1,b'Faviola Aguilar 1'
1596,91915011,Angelina (10),b'Angelina (10)'
1598,96398800,Rapet√≥n Music,b'Rapetn Music'
1599,84712060,Farruko,b'Farruko'
1600,191231654,Ozuna,b'Ozuna'
1602,143317304,The Punchline,b'The Punchline'
1604,53090065,Nelaion Music,b'Nelaion Music'
1606,98183892,Mike Towers Oficial,b'Mike Towers Oficial'
1608,187459769,LaFirmaGroup,b'LaFirmaGroup'
1610,55951953,RD Urbans Music,b'RD Urbans Music'
1611,67742760,Virus Urbano,b'Virus Urbano'
1614,101798229,Anuel_AA,b'Anuel_AA'
1617,142747987,BryantMyers,b'BryantMyers'
1618,152224712,Almighty,b'Almighty'
1619,19332816,Justin Quiles,b'Justin Quiles'
1623,44333074,YanyoTSP,b'YanyoTSP'
1626,105475209,BGTON,b'BGTON'
1631,237992818,Me√±omixüé∂üéßüéöüéº,b'Meomix'
1637,21470906,‚ô¨Hugo Sax‚ô´,b'Hugo Sax'
1639,194904259,Boobie Tanga TV,b'Boobie Tanga TV'
1640,88635577,SinaloaEnfermo,b'SinaloaEnfermo'
1641,231871,djlobo,b'djlobo'
1642,3289377,Mahritsza,b'Mahritsza'
1645,80570278,Heber Salvador,b'Heber Salvador'
1646,44577526,LatinosPauta,b'LatinosPauta'
1647,98261055,china_garcia21,b'china_garcia21'
1648,38828962,ILOVECORRI2s,b'ILOVECORRI2s'
1649,120340959,GeneroUrbano.com,b'GeneroUrbano.com'
1650,109807731,EMPIRE Latino,b'EMPIRE Latino'
1655,49968571,Jory Boy,b'Jory Boy'
1657,33754216,Elaguileraa,b'Elaguileraa'
1660,60008690,BachataRomantic,b'BachataRomantic'
1663,34811991,De La Ghetto,b'De La Ghetto'
1667,202756229,Anthony Galarza,b'Anthony Galarza'
1671,101598518,I Love CorridoS,b'I Love CorridoS'
1673,56050848,Dominican Power,b'Dominican Power'
1674,18713733,Mz.Riveraa,b'Mz.Riveraa'
1677,21846667,‚ô´PumitaRecords‚ô´,b'PumitaRecords'
1678,208763313,XD Urbans Music,b'XD Urbans Music'
1680,224494698,Chris W√°ndell,b'Chris Wndell'
1681,91090057,djchorlo,b'djchorlo'
1683,36689002,Christophehr,b'Christophehr'
1684,16147777,La Oreja Media Group,b'La Oreja Media Group'
1686,193871404,M.Nunes ‚úå,b'M.Nunes '
1688,78352139,CRIJEOL SOUND,b'CRIJEOL SOUND'
1689,6448536,Jesus Aguero,b'Jesus Aguero'
1690,181937939,"Yo Yais Music, LLC","b'Yo Yais Music, LLC'"
1692,52537788,osmar bautista 1,b'osmar bautista 1'
1696,6272458,Mz.Riveraa‚ô•,b'Mz.Riveraa'
1698,13280596,Pouya .,b'Pouya .'
1699,6610545,Roadrunner USA,b'Roadrunner USA'
1700,1452947,Disturbed1,b'Disturbed1'
1701,56705121,Metallica,b'Metallica'
1702,146933080,Slipknot,b'Slipknot'
1703,46307935,Jhon Agudelo 1,b'Jhon Agudelo 1'
1704,57574906,Numiz,b'Numiz'
1705,11182685,erdemaktas,b'erdemaktas'
1707,174587980,Sweet Martinez,b'Sweet Martinez'
1708,41213414,Alfredo Guzman Navarro,b'Alfredo Guzman Navarro'
1709,1546189,Roadrunner Records,b'Roadrunner Records'
1711,3491352,SBG Movement 2011,b'SBG Movement 2011'
1712,141253,edstarns,b'edstarns'
1714,30199925,Kcover,b'Kcover'
1715,13998910,Melisa Soledad Diaz,b'Melisa Soledad Diaz'
1717,77713931,Mahdokht Az,b'Mahdokht Az'
1719,1247579,Red Bull Records,b'Red Bull Records'
1721,28937027,Jevouscha,b'Jevouscha'
1723,4684556,Wilding Studios,b'Wilding Studios'
1724,58549945,Kahfiaz,b'Kahfiaz'
1725,11853009,Yehoon Seong,b'Yehoon Seong'
1726,64980652,Piemaster0117,b'Piemaster0117'
1728,165178568,Soul_eaters,b'Soul_eaters'
1729,111505959,Lola Saeed,b'Lola Saeed'
1731,886319,tylerbarnet99,b'tylerbarnet99'
1733,8662580,Mopson,b'Mopson'
1734,22530001,Zchted,b'Zchted'
1735,19218193,xxd4rkhorizonxx,b'xxd4rkhorizonxx'
1736,59406863,aquasproductions,b'aquasproductions'
1737,504152,s4lvation,b's4lvation'
1738,1302868,NuclearBlastRecords,b'NuclearBlastRecords'
1740,36799982,Metal Head0,b'Metal Head0'
1741,42774773,liigad,b'liigad'
1743,6229198,Ugyen,b'Ugyen'
1746,105399968,Angelina,b'Angelina'
1748,44967609,Sumerian Records,b'Sumerian Records'
1749,10765402,BlackVeilBride,b'BlackVeilBride'
1751,40295571,G&G ENTERTAINMENT,b'G&G ENTERTAINMENT'
1752,11739357,Nuvija,b'Nuvija'
1754,124644136,Alex Arbo,b'Alex Arbo'
1755,45537254,J-P Moreau,b'J-P Moreau'
1756,30552801,Moonlighteas2,b'Moonlighteas2'
1757,13000822,bzkt.,b'bzkt.'
1760,105904656,thepitho,b'thepitho'
1761,20648528,Mashreef Ahamed,b'Mashreef Ahamed'
1762,27611327,Tarek Probst,b'Tarek Probst'
1763,5870503,SomethinWild,b'SomethinWild'
1764,52835966,Matheus Albuquerque \m/,b'Matheus Albuquerque \\m/'
1765,88595866,Sohaib.Hassan,b'Sohaib.Hassan'
1766,34731496,devicetheband,b'devicetheband'
1767,27931823,Suddenkurt,b'Suddenkurt'
1768,45092759,SlimShady0159,b'SlimShady0159'
1769,1681027,Metal Blade Records,b'Metal Blade Records'
1771,57882051,OG C0MpL3X,b'OG C0MpL3X'
1772,146949386,Pantera,b'Pantera'
1773,14944248,frankolic,b'frankolic'
1774,165978,KRADDY,b'KRADDY'
1775,45996348,John Michael Manlupig,b'John Michael Manlupig'
1777,2616846,Little V Mills,b'Little V Mills'
1779,1795784,All That Remains,b'All That Remains'
1782,4158826,DjKenn AllOrNothing,b'DjKenn AllOrNothing'
1785,18687104,Hiatus Records,b'Hiatus Records'
1786,180303421,i uplod nice sogns,b'i uplod nice sogns'
1787,27873637,VitorMarks,b'VitorMarks'
1790,65272465,Beast of the Last Days,b'Beast of the Last Days'
1791,183460,Visible Noise,b'Visible Noise'
1792,19227754,Non Erribundi,b'Non Erribundi'
1793,15986000,Ollie Ashton,b'Ollie Ashton'
1794,25720211,Charlie Munro Mixes,b'Charlie Munro Mixes'
1796,44233349,DavidLeshawnDavis,b'DavidLeshawnDavis'
1799,208875365,Gab Ltn,b'Gab Ltn'
1801,12039563,Samantha Harvey,b'Samantha Harvey'
1802,6455125,Tylerinacoma,b'Tylerinacoma'
1803,20448965,Awful Piano Sound,b'Awful Piano Sound'
1804,85753314,STEVEN UNIVERSE,b'STEVEN UNIVERSE'
1806,33714680,Alexi Blue,b'Alexi Blue'
1808,5458273,starwarspunk,b'starwarspunk'
1809,5548711,Maxence Cyrin,b'Maxence Cyrin'
1810,39200503,-Sanawerali-,b'-Sanawerali-'
1811,55230661,REYNAH : part 3,b'REYNAH : part 3'
1813,78743643,Black Stoner 2,b'Black Stoner 2'
1814,24835876,djsmell1,b'djsmell1'
1815,60245995,D.J. KAROUH,b'D.J. KAROUH'
1816,42095653,Noha Moheb,b'Noha Moheb'
1817,62194252,Maung Thuu,b'Maung Thuu'
1818,1781294,myuu,b'myuu'
1820,187071542,H.M.Q Bigroom,b'H.M.Q Bigroom'
1821,25020107,motti,b'motti'
1823,1562496,reminiscience,b'reminiscience'
1825,7978487,CBMN,b'CBMN'
1826,156095094,Sami Lindsay,b'Sami Lindsay'
1827,65315492,ORIENSI,b'ORIENSI'
1828,37660242,Pixeladed Le,b'Pixeladed Le'
1829,9465468,Freemondo,b'Freemondo'
1830,3817541,Late Night Tales,b'Late Night Tales'
1831,42691969,aouysdgfahsbdfiwegdfsesuf,b'aouysdgfahsbdfiwegdfsesuf'
1833,6907074,≈ûurubika Su,b'urubika Su'
1834,238367,Tom Cosaert,b'Tom Cosaert'
1835,25778428,StarJ,b'StarJ'
1836,59013724,EricaH.,b'EricaH.'
1837,50856768,KarthikKrishTunes,b'KarthikKrishTunes'
1838,43763978,LaVender..,b'LaVender..'
1840,11671290,Soft Piano Music - Relax,b'Soft Piano Music - Relax'
1843,11624200,Jurrivh,b'Jurrivh'
1844,1582268,calcatelli,b'calcatelli'
1845,9160072,Steven Gutheinz,b'Steven Gutheinz'
1846,102435699,bitbird,b'bitbird'
1847,20908063,Ashestoashesjc,b'Ashestoashesjc'
1849,3860526,Jeff Van Houten,b'Jeff Van Houten'
1850,134011041,Smyang,b'Smyang'
1851,10573924,Exist Strategy,b'Exist Strategy'
1852,18691658,MYRNE,b'MYRNE'
1853,54960232,Nacho Sistal Composer,b'Nacho Sistal Composer'
1854,27678135,Bader Al-mansour,b'Bader Al-mansour'
1855,186881740,FreshUkMusic,b'FreshUkMusic'
1856,1138299,sainad,b'sainad'
1857,7567466,Yousra Hesham,b'Yousra Hesham'
1858,190223554,Beulah Mae Boys,b'Beulah Mae Boys'
1860,2126395,Omer Nadeem,b'Omer Nadeem'
1861,26256722,Trisha Nicole Zara,b'Trisha Nicole Zara'
1862,371891,similarobjects,b'similarobjects'
1863,10318569,Thanh Hoang Nguyen,b'Thanh Hoang Nguyen'
1864,2772749,Olafur Arnalds,b'Olafur Arnalds'
1865,21937391,Sharie Ingente,b'Sharie Ingente'
1866,187498761,SeeThrough,b'SeeThrough'
1867,17654530,Katherine Cordova,b'Katherine Cordova'
1868,74622056,Dirk Maassen Official,b'Dirk Maassen Official'
1869,80656044,Lillithe,b'Lillithe'
1870,61371066,Dope ‚ô´,b'Dope '
1872,239453600,a L y S a,b'a L y S a'
1873,3800744,Nickusha,b'Nickusha'
1874,17332545,Analogue Dear,b'Analogue Dear'
1875,66673328,Phoenify,b'Phoenify'
1877,1772192,Jweihaas,b'Jweihaas'
1878,7690050,Fuat Alkan,b'Fuat Alkan'
1879,35802527,Modiwo,b'Modiwo'
1880,8288651,Lil'Nata OffiShal,"b""Lil'Nata OffiShal"""
1882,40190992,Julien Marchal,b'Julien Marchal'
1883,12914632,Harold van Lennep,b'Harold van Lennep'
1884,9102540,KevinTuiteMusic,b'KevinTuiteMusic'
1885,137282844,Alessio Cappello composer,b'Alessio Cappello composer'
1886,61477273,Kobi Swissa,b'Kobi Swissa'
1887,190222060,Landon Lewis,b'Landon Lewis'
1889,202448540,Jazzy's Repost,"b""Jazzy's Repost"""
1890,39086244,Noury .  ö…û.,b'Noury . .'
1891,97649262,princess,b'princess'
1892,147214857,naruto2413,b'naruto2413'
1894,95562430,J‚Ç≥CK FR√òST,b'JCK FRST'
1898,1358400,johnlegend,b'johnlegend'
1899,5798207,Ariana Grande,b'Ariana Grande'
1900,155558998,kiiara,b'kiiara'
1901,102146930,Jaz ‚ôõ,b'Jaz '
1902,3789802,SiaMusic,b'SiaMusic'
1903,33931233,conorMaynard,b'conorMaynard'
1904,6123534,Anne-Marie,b'Anne-Marie'
1905,52719497,FRENSHIP,b'FRENSHIP'
1906,28350945,IAmJoJo,b'IAmJoJo'
1907,224652905,EXPENSIVE SOUNDS,b'EXPENSIVE SOUNDS'
1908,11180955,Chris_Brown,b'Chris_Brown'
1910,44817748,Grace Davies,b'Grace Davies'
1912,194008177,YOUNG STORIA,b'YOUNG STORIA'
1913,36922176,JonBellion,b'JonBellion'
1914,104162859,Angelina (16),b'Angelina (16)'
1916,3396877,Charlie Puth,b'Charlie Puth'
1917,18498313,Khamari,b'Khamari'
1919,112774550,‚úåÔ∏è‚ù§Ô∏èLiyahAlsina‚úåÔ∏è‚ù§Ô∏è,b'LiyahAlsina'
1920,231339595,DylanLeaks,b'DylanLeaks'
1921,21305,The FADER,b'The FADER'
1922,109192215,Roos Wentink,b'Roos Wentink'
1923,6681596,hundred waters,b'hundred waters'
1924,165251786,Rhea Chawla,b'Rhea Chawla'
1925,137323027,flybymidnight,b'flybymidnight'
1926,54844792,Calum Scott Music,b'Calum Scott Music'
1927,172496773,Maggie Lindemann,b'Maggie Lindemann'
1929,42993000,Miley Cyrus,b'Miley Cyrus'
1930,20172471,LeagueofLegends,b'LeagueofLegends'
1931,151933704,Alessia Cara,b'Alessia Cara'
1932,187452866,nexxthursday,b'nexxthursday'
1934,1078461,octobersveryown,b'octobersveryown'
1935,213836841,Naufalreyhanm,b'Naufalreyhanm'
1936,35724639,Justin Bieber,b'Justin Bieber'
1937,3851147,SAM SMITH,b'SAM SMITH'
1938,32871583,Vance  Joy,b'Vance  Joy'
1939,129282597,Lianna,b'Lianna'
1941,3662826,Dawin,b'Dawin'
1944,50698732,‚òæ Kiana ‚òΩ,b' Kiana '
1945,127225153,Lukas Graham,b'Lukas Graham'
1946,48169190,Majid Jordan,b'Majid Jordan'
1947,113416363,Angelina (23),b'Angelina (23)'
1949,243393651,Taher Ashur,b'Taher Ashur'
1952,21052675,Melanie Martinez,b'Melanie Martinez'
1954,148904739,Docian_,b'Docian_'
1955,34296631,JP Cooper,b'JP Cooper'
1956,192088095,garoteirosdesp,b'garoteirosdesp'
1957,63953074,JonahBaker,b'JonahBaker'
1958,172420066,real__pcy,b'real__pcy'
1959,99139367,itsmarkjohns,b'itsmarkjohns'
1960,346363,Virtu,b'Virtu'
1961,123034851,Yevhenia Kushnir,b'Yevhenia Kushnir'
1962,14090772,RepublicRecords,b'RepublicRecords'
1963,225754595,Miss Maleya,b'Miss Maleya'
1964,37189281,AnthMelo,b'AnthMelo'
1966,168787772,SONDAR,b'SONDAR'
1967,201130299,Adriana Pinnock,b'Adriana Pinnock'
1968,257446560,Mandeep Singh,b'Mandeep Singh'
1969,6972328,Ramy Essam,b'Ramy Essam'
1970,120422010,Workshow C. Artisticos,b'Workshow C. Artisticos'
1972,159626886,radioopenbaroficial,b'radioopenbaroficial'
1974,19231063,XUITCASECITY,b'XUITCASECITY'
1975,207857249,WSOUNDS| Matheus e Kauan,b'WSOUNDS| Matheus e Kauan'
1976,16694369,Zack-Beat,b'Zack-Beat'
1977,227877653,Young Sufii,b'Young Sufii'
1978,111917637,Fares salama,b'Fares salama'
1980,880400,hyojungkim93,b'hyojungkim93'
1981,151494867,L√âON,b'LON'
1982,221519429,DNCE,b'DNCE'
1983,224396592,Zeyano,b'Zeyano'
1984,119752111,Tony Armenta,b'Tony Armenta'
1985,209092580,Melrose,b'Melrose'
1986,120618222,XYL√ò,b'XYL'
1988,173805146,Sean Paul,b'Sean Paul'
1989,25397928,Ne-Yo,b'Ne-Yo'
1990,193121984,Ivan Arriaga,b'Ivan Arriaga'
1991,924883,amreyesch,b'amreyesch'
1992,75188565,Jamie Mazzuca,b'Jamie Mazzuca'
1993,69224503,Farca≈ü Denisa,b'Farca Denisa'
1995,25759651,Flean D'adrean,"b""Flean D'adrean"""
1996,126350865,joji,b'joji'
1997,22816950,praddy,b'praddy'
2000,131405243,Sydney Renae,b'Sydney Renae'
2002,25219981,partyomo,b'partyomo'
2005,2623962,Vedo TheSinger,b'Vedo TheSinger'
2006,34738457,Ty Dolla $ign,b'Ty Dolla $ign'
2007,174174555,Delirious R&b,b'Delirious R&b'
2008,224909370,Lloyd Music,b'Lloyd Music'
2010,66471268,Tink_G,b'Tink_G'
2012,102764618,DJ KEYZZ,b'DJ KEYZZ'
2013,61537325,DETONA FUNK,b'DETONA FUNK'
2014,9011647,blackbear,b'blackbear'
2015,253431284,H.E.R.,b'H.E.R.'
2016,154321725,dvsn,b'dvsn'
2019,3274725,The Weeknd,b'The Weeknd'
2021,177989887,Khalid,b'Khalid'
2026,150290635,GR6 EXPLODE,b'GR6 EXPLODE'
2027,35810257,6LACK,b'6LACK'
2028,24087136,Morless' Qwamainee,"b""Morless' Qwamainee"""
2029,7769478,Toni Romiti,b'Toni Romiti'
2035,193762197,Trap Network,b'Trap Network'
2036,142791443,Sevyn Streeter,b'Sevyn Streeter'
2039,14627508,OfficialJeremih,b'OfficialJeremih'
2041,13935401,XEGA,b'XEGA'
2042,7458854,Jacquees,b'Jacquees'
2043,50758369,treysongz,b'treysongz'
2046,93701216,RNB FANATIC,b'RNB FANATIC'
2047,13416759,KEKE PALMER,b'KEKE PALMER'
2048,28829151,MusiQuality,b'MusiQuality'
2049,170925395,Summerella,b'Summerella'
2050,80796374,Gemaine,b'Gemaine'
2052,230124351,iiDemarcoii,b'iiDemarcoii'
2054,57031159,AOMGOFFICIAL,b'AOMGOFFICIAL'
2060,195686565,Z3 ¬≠¬≠,b'Z3 '
2061,88466712,Austinleal,b'Austinleal'
2062,42566810,Cnvct Snm,b'Cnvct Snm'
2064,74403461,Gawddess.,b'Gawddess.'
2066,176324613,Trapsoul Album,b'Trapsoul Album'
2068,234527405,The Daily Dose,b'The Daily Dose'
2069,4409909,AugustAlsina,b'AugustAlsina'
2073,109889138,Arthur Da Zs,b'Arthur Da Zs'
2079,128555480,Short-Star,b'Short-Star'
2080,61594988,Roy√°l X,b'Royl X'
2087,180339208,Mila J,b'Mila J'
2089,247073,MIKE CLASSIC,b'MIKE CLASSIC'
2090,200054027,Drake - 4PM In Calabasas,b'Drake - 4PM In Calabasas'
2094,117105,Treacherous C.O.B,b'Treacherous C.O.B'
2097,82083076,Dreezy,b'Dreezy'
2098,5472058,WattyJay,b'WattyJay'
2099,5375990,zojakworldwide,b'zojakworldwide'
2100,43867607,kraniumreggae,b'kraniumreggae'
2101,111840476,Mr ‚ô´ MeGoMix,b'Mr  MeGoMix'
2102,18192384,skanpgm,b'skanpgm'
2103,17365207,Yara Y. Ahmed,b'Yara Y. Ahmed'
2104,172531657,dj kevin,b'dj kevin'
2105,1569597,Waldvolk,b'Waldvolk'
2107,3507608,clubfungus,b'clubfungus'
2108,4157988,DiRealShaggy,b'DiRealShaggy'
2109,585254,Phase One Network,b'Phase One Network'
2110,553069,Edvard.S,b'Edvard.S'
2111,11374671,Banda Maneva Reggae,b'Banda Maneva Reggae'
2115,93568327,Dj Rj,b'Dj Rj'
2116,1884664,Protoje,b'Protoje'
2117,4524219,SOJAmusic,b'SOJAmusic'
2118,5059160,Alireza Dadgar,b'Alireza Dadgar'
2120,235523056,Musical.ly,b'Musical.ly'
2121,450214,reggaeville,b'reggaeville'
2124,40874971,Timi,b'Timi'
2125,19809591,Pot Smokers,b'Pot Smokers'
2128,1330913,Rebelution,b'Rebelution'
2129,1832062,ISLVND3R,b'ISLVND3R'
2130,50667414,Latium Entertainment,b'Latium Entertainment'
2133,23509065,Martin Ozuna,b'Martin Ozuna'
2134,120112068,La√ú,b'La'
2137,8749000,Natiruts,b'Natiruts'
2138,1938051,Stephen Marley,b'Stephen Marley'
2139,20518104,Snoop Lion,b'Snoop Lion'
2140,144200540,IrishandChin,b'IrishandChin'
2141,12112548,Rusu Ana,b'Rusu Ana'
2142,1796801,ATO Records,b'ATO Records'
2143,9558995,BriannaT,b'BriannaT'
2144,307375,ReggaeRoast,b'ReggaeRoast'
2145,52340638,Dj Chris CR,b'Dj Chris CR'
2147,2426044,Goblins from Mars,b'Goblins from Mars'
2148,28270707,Dennis Rosario 1,b'Dennis Rosario 1'
2150,241099723,Stephaniie Batez,b'Stephaniie Batez'
2152,2792269,JBoogMusic,b'JBoogMusic'
2153,3002442,George House In,b'George House In'
2154,15029775,DJ SWAT Odj,b'DJ SWAT Odj'
2155,2128143,Stick Figure,b'Stick Figure'
2157,95432691,Janru Pozo Ortega,b'Janru Pozo Ortega'
2158,44807198,Double Jay,b'Double Jay'
2159,488422,masterbre,b'masterbre'
2160,97981939,junaid saleem,b'junaid saleem'
2161,6036980,Spades Saratoga,b'Spades Saratoga'
2162,57837784,Leonardo Augusto,b'Leonardo Augusto'
2164,94833463,Full Reggaeton,b'Full Reggaeton'
2165,4820783,Lucas Boldrin Macedo,b'Lucas Boldrin Macedo'
2168,69117513,Maconha Frases,b'Maconha Frases'
2170,13491546,shameikmoore,b'shameikmoore'
2172,5224343,‚úÇ CHOPPA DUNKS,b' CHOPPA DUNKS'
2174,211806,cosmohenrique,b'cosmohenrique'
2175,29516510,PopcaanMusic,b'PopcaanMusic'
2176,120469204,Subagan,b'Subagan'
2177,1580653,Dread Mar I - Oficial,b'Dread Mar I - Oficial'
2178,9253888,I am Jah Cure,b'I am Jah Cure'
2179,9166160,Chronixx Music,b'Chronixx Music'
2180,2281203,DJ Quix,b'DJ Quix'
2182,29220287,Lucas Abreu CRF,b'Lucas Abreu CRF'
2183,7940445,jeffeoliveira,b'jeffeoliveira'
2186,5308946,ReggaeUp,b'ReggaeUp'
2187,10081047,djhamed,b'djhamed'
2188,26830252,Amora Tandara,b'Amora Tandara'
2189,18901916,Lari Vargas,b'Lari Vargas'
2190,39772576,Mag ‚Ä¢ No ‚Ä¢ Lia|RMi692,b'Mag  No  Lia|RMi692'
2192,44542364,Justirfan,b'Justirfan'
2193,7154252,Nathan Dushon,b'Nathan Dushon'
2194,2884015,Damian Marley,b'Damian Marley'
2196,3662067,indieanthony,b'indieanthony'
2197,7479309,Gee $muney,b'Gee $muney'
2200,7814277,Mike Duran,b'Mike Duran'
2201,201697215,XcelMusicEntertainment,b'XcelMusicEntertainment'
2202,182692354,DyAze,b'DyAze'
2204,44703218,KeynerALX.,b'KeynerALX.'
2205,144468783,Pepe Quintana,b'Pepe Quintana'
2207,21989510,Marcoss Rottweilas,b'Marcoss Rottweilas'
2208,321366,DJ NELSON MUSIC,b'DJ NELSON MUSIC'
2209,76758504,William RP,b'William RP'
2210,3511713,Giovanny V,b'Giovanny V'
2212,26912058,DJ Anthony Fabian,b'DJ Anthony Fabian'
2213,116146073,Lary Over,b'Lary Over'
2216,154181977,Espacio Urbano Music,b'Espacio Urbano Music'
2217,23999329,Kevin Roldan,b'Kevin Roldan'
2219,107325179,Brytiago,b'Brytiago'
2221,110997988,Ezeta,b'Ezeta'
2222,5864695,Ghislaine,b'Ghislaine'
2223,179588244,Anitta,b'Anitta'
2224,200010580,User 564549918,b'User 564549918'
2227,164291323,Reggaeton A Fuego,b'Reggaeton A Fuego'
2228,145092644,Derkor28,b'Derkor28'
2229,3793489,Dj Chynoer,b'Dj Chynoer'
2230,44002365,KORA DJ (GUAYTAMBO DJ),b'KORA DJ (GUAYTAMBO DJ)'
2231,192521815,LMNDReggaeton,b'LMNDReggaeton'
2232,5545580,Cristian Kriz,b'Cristian Kriz'
2233,167417629,Dj Luigi 2016,b'Dj Luigi 2016'
2236,17388984,CarlitosAK47,b'CarlitosAK47'
2237,18086604,DjRoy Produce Solo,b'DjRoy Produce Solo'
2240,29261359,Unreleased,b'Unreleased'
2241,14914723,Dj Golden Rys,b'Dj Golden Rys'
2242,192406447,Javi Cases Editions,b'Javi Cases Editions'
2243,7182902,Unreleased Reggaeton,b'Unreleased Reggaeton'
2244,34004812,Antonio John,b'Antonio John'
2248,52335632,Lenny Tav√°rez,b'Lenny Tavrez'
2250,169072728,reggaetonfull2016,b'reggaetonfull2016'
2252,4249306,mariano-pizarro,b'mariano-pizarro'
2254,19733803,ElGenero.com,b'ElGenero.com'
2255,252057038,UrbanUnder Music,b'UrbanUnder Music'
2256,180091932,@Reggaeton_24.7,b'@Reggaeton_24.7'
2258,38411569,Santiagopx03,b'Santiagopx03'
2260,64790082,Deejay Piero,b'Deejay Piero'
2261,214062301,Bruno Torres Remixes 2,b'Bruno Torres Remixes 2'
2264,7620893,Farruko Web,b'Farruko Web'
2265,72062036,Nicky Jam Music,b'Nicky Jam Music'
2267,12159736,luis maureira,b'luis maureira'
2269,159080625,Sky Rompiendo,b'Sky Rompiendo'
2270,14507855,djferminpr,b'djferminpr'
2271,1213243,Dj-Glow,b'Dj-Glow'
2272,208461097,Kevin Torres,b'Kevin Torres'
2273,12806686,Mederos Dise√±or Gr√°fico,b'Mederos Diseor Grfico'
2274,4658053,Machel Montano,b'Machel Montano'
2275,28289083,Gonzz Music,b'Gonzz Music'
2276,27459389,Rafik Eddine,b'Rafik Eddine'
2279,1112693,REGGAETON Movement,b'REGGAETON Movement'
2280,190136753,ReggaetonBoyZ,b'ReggaetonBoyZ'
2281,150330557,Bautista Caggiano,b'Bautista Caggiano'
2282,137829806,A‚Ä†lan6,b'Alan6'
2283,13208273,kieff,b'kieff'
2285,180839793,Jay More,b'Jay More'
2286,183038021,Ramdiel y Kelmo,b'Ramdiel y Kelmo'
2287,135851042,Juan,b'Juan'
2288,593248,latinmusicsong,b'latinmusicsong'
2289,253987586,LosDurosTV,b'LosDurosTV'
2290,213330313,Trap Latin Xclusive,b'Trap Latin Xclusive'
2291,40099052,Cris Rojo,b'Cris Rojo'
2292,167895757,ALEX EGUI OFFICIAL,b'ALEX EGUI OFFICIAL'
2293,144082758,user175018406,b'user175018406'
2294,14269510,xxblassxx,b'xxblassxx'
2295,126196309,Raccoon  Knows,b'Raccoon  Knows'
2296,6577936,DJ CHARLEX,b'DJ CHARLEX'
2300,120468048,jax,b'jax'
2301,16858288,The Score Official,b'The Score Official'
2303,31109873,NightCore,b'NightCore'
2305,63792607,Mac Levine,b'Mac Levine'
2308,6578000,theneighbourhood,b'theneighbourhood'
2309,16239438,Ultimate Eagles,b'Ultimate Eagles'
2312,62165970,rizky.rilos,b'rizky.rilos'
2313,108577047,King Arthfael,b'King Arthfael'
2315,37332752,Ulviyya Ali,b'Ulviyya Ali'
2316,42297078,Sandy Star Media,b'Sandy Star Media'
2317,44590038,Darnatos :3,b'Darnatos :3'
2318,2330105,user1512165,b'user1512165'
2320,2059935,My Chemical Romance,b'My Chemical Romance'
2321,19703074,arthyum,b'arthyum'
2322,1957290,RawPowerManagement,b'RawPowerManagement'
2323,1818488,LINKIN_PARK,b'LINKIN_PARK'
2325,64853574,Rich√°rd Hanyu,b'Richrd Hanyu'
2326,45315622,Dj Soul Shard,b'Dj Soul Shard'
2329,21152034,edelson21,b'edelson21'
2330,141715876,Imagine Dragons Music,b'Imagine Dragons Music'
2331,32863274,Cold War Kids,b'Cold War Kids'
2333,19161121,aloosh1999,b'aloosh1999'
2334,108767584,Florian.N.,b'Florian.N.'
2335,139838847,SongsPk,b'SongsPk'
2338,4138932,benreaves,b'benreaves'
2340,92128059,Villa Baggage,b'Villa Baggage'
2341,7559526,blink-182,b'blink-182'
2342,4089319,The Strumbellas,b'The Strumbellas'
2343,21953544,Rockeritoo,b'Rockeritoo'
2347,103045916,CHASE ATLANTIC,b'CHASE ATLANTIC'
2350,15231948,Frozen-5,b'Frozen-5'
2353,7040424,jirosunohara,b'jirosunohara'
2354,2160855,DJChanos,b'DJChanos'
2355,2351661,plus one,b'plus one'
2356,111657114,Mina Andrawes,b'Mina Andrawes'
2357,921240,Band Of Horses,b'Band Of Horses'
2358,22028023,Lore Perez 1,b'Lore Perez 1'
2362,79271841,hiroshima_13,b'hiroshima_13'
2363,49812998,Gym Best MusicFor Workout,b'Gym Best MusicFor Workout'
2365,27237413,Faboulous95,b'Faboulous95'
2367,74648722,friskyxfreak,b'friskyxfreak'
2369,85559749,Collin Southard,b'Collin Southard'
2370,61964366,Corey McNulty,b'Corey McNulty'
2371,5202851,poprockssf,b'poprockssf'
2372,8222713,James Hetfield 2,b'James Hetfield 2'
2373,10388797,Emiliano Nicol√°s,b'Emiliano Nicols'
2374,7247570,nick,b'nick'
2375,239750,william rocha,b'william rocha'
2376,30456526,Abdul Munim Qadri,b'Abdul Munim Qadri'
2377,21060799,SoPagode,b'SoPagode'
2378,25195365,spooky black,b'spooky black'
2379,16021229,Renato Antony,b'Renato Antony'
2381,207998147,Temple Of The Dog,b'Temple Of The Dog'
2382,20699890,Jheyson √ârick,b'Jheyson rick'
2383,38135586,Ky0umi,b'Ky0umi'
2386,21613940,YousefHisham,b'YousefHisham'
2387,147446,Tantie Meg,b'Tantie Meg'
2388,114717227,Sushi_Panda.4142,b'Sushi_Panda.4142'
2389,971960,Avenged Sevenfold,b'Avenged Sevenfold'
2390,148344656,flaviogomes23,b'flaviogomes23'
2391,1756571,Infectious Music,b'Infectious Music'
2392,31803780,Isabel,b'Isabel'
2394,164253,citticringle,b'citticringle'
2395,43613938,AllenY≈´jin-ch≈ç,b'AllenYjin-ch'
2401,178320464,Alex Music Art,b'Alex Music Art'
2404,65303942,aivi & surasshu,b'aivi & surasshu'
2405,149071641,angrysausage,b'angrysausage'
2408,21231801,√êJ ROGERINHO DO QUER√îüíÉüéß,b'J ROGERINHO DO QUER'
2409,238032754,L2ShareOST7,b'L2ShareOST7'
2415,212003863,mansionz,b'mansionz'
2417,249593334,Coke Studio Season 9,b'Coke Studio Season 9'
2425,34872868,KashifMehmood,b'KashifMehmood'
2427,22955632,Tiago Fontes,b'Tiago Fontes'
2433,257858887,Adrian Younge & Ali Shaheed Muhammad,b'Adrian Younge & Ali Shaheed Muhammad'
2434,34614727,ACTION BRONSON,b'ACTION BRONSON'
2436,141204796,Hassan Butt,b'Hassan Butt'
2437,117061815,ALee Khanzada,b'ALee Khanzada'
2440,4530031,Red Phantom,b'Red Phantom'
2443,721057,Jacques Greene,b'Jacques Greene'
2446,160662666,Panthurr,b'Panthurr'
2450,28659662,‚ô™‚ô´ TRAFICO DOS MORROS‚ô™‚ô´,b' TRAFICO DOS MORROS'
2454,154956568,Rachna Goswami,b'Rachna Goswami'
2457,101431959,Mrs Rhymes,b'Mrs Rhymes'
2458,137892463,Francieli da Rosa,b'Francieli da Rosa'
2459,120103782,Dulcet Refrain,b'Dulcet Refrain'
2461,152892829,DJ Leandro Sales,b'DJ Leandro Sales'
2462,31101223,Abdulrhman Allam,b'Abdulrhman Allam'
2467,427999,Joakim Karud,b'Joakim Karud'
2472,30611488,Geoffrey Simeona,b'Geoffrey Simeona'
2473,10727952,OSTsbin,b'OSTsbin'
2474,140941125,Daniel Caon,b'Daniel Caon'
2477,6385522,Giorgio Iannelli,b'Giorgio Iannelli'
2482,20742245,DJ LC do Martins,b'DJ LC do Martins'
2484,255863350,Funk Brasil Oficial,b'Funk Brasil Oficial'
2485,30074727,ArceusGP,b'ArceusGP'
2486,254325033,K2N ‚ô• K-Pop 35th,b'K2N  K-Pop 35th'
2487,79188531,theluckycharm,b'theluckycharm'
2488,200544191,iKOFF_,b'iKOFF_'
2490,22490669,dyalla,b'dyalla'
2491,23642442,‚û• DJ LUCAS DO TAQUARIL #22MUSIC,b' DJ LUCAS DO TAQUARIL #22MUSIC'
2493,204710038,Nehal Khan,b'Nehal Khan'
2495,20253011,The Most Epic Music,b'The Most Epic Music'
2499,39647654,DOORN Records,b'DOORN Records'
2500,18547488,Dj Murilo Mesquita,b'Dj Murilo Mesquita'
2501,49938,Gustavo Mota,b'Gustavo Mota'
2503,86167113,Oliver Winters,b'Oliver Winters'
2504,6693932,reino5o,b'reino5o'
2505,203,adambeyer,b'adambeyer'
2506,98866995,MarcusMullennn,b'MarcusMullennn'
2507,4274432,Droplex,b'Droplex'
2508,198443,Joris Voorn,b'Joris Voorn'
2509,182049,Drumcode,b'Drumcode'
2510,319728,Chapeleiro,b'Chapeleiro'
2512,1562646,Short Round,b'Short Round'
2513,3941306,Mixmag,b'Mixmag'
2514,111204110,Behmer,b'Behmer'
2515,1038649,Eric Prydz,b'Eric Prydz'
2516,230703520,We Are The Brave,b'We Are The Brave'
2517,206657,mandragora! ÔëΩ,b'mandragora! '
2519,22769,Joseph Capriati,b'Joseph Capriati'
2520,59880230,Sefa,b'Sefa'
2522,94691186,NICK PROSPER,b'NICK PROSPER'
2525,2935191,Mind Against,b'Mind Against'
2527,33381607,Elderbrook,b'Elderbrook'
2528,260439,Nicole Moudaber,b'Nicole Moudaber'
2529,7364133,Amir ‚òØ,b'Amir '
2530,157458540,MIXMAG GERMANY,b'MIXMAG GERMANY'
2531,217087,Hotflush,b'Hotflush'
2533,488,Pan-Pot (OFFICIAL),b'Pan-Pot (OFFICIAL)'
2534,4417549,K√∂lsch,b'Klsch'
2535,37767789,Drew Stuksis,b'Drew Stuksis'
2536,30786276,Ollie Iles,b'Ollie Iles'
2537,213456966,Afterlife,b'Afterlife'
2539,52318025,Second State Audio,b'Second State Audio'
2541,5207300,TommyHanson,b'TommyHanson'
2542,235805486,Scuba,b'Scuba'
2543,349011,Annie Mac Presents,b'Annie Mac Presents'
2544,175053,S3RL,b'S3RL'
2546,990730,Groove Delight,b'Groove Delight'
2548,17591573,Maytrixx,b'Maytrixx'
2551,7004005,Fabrication,b'Fabrication'
2552,17461098,Baikal,b'Baikal'
2553,1701116,Angerfist,b'Angerfist'
2554,177950468,Augmented Deep,b'Augmented Deep'
2556,10695247,Extaso -live-,b'Extaso -live-'
2557,4382366,Ben Klock,b'Ben Klock'
2558,590853,Tronic Music,b'Tronic Music'
2559,203765265,Machete,b'Machete'
2560,587741,Boysnoize Records,b'Boysnoize Records'
2562,2384354,Dr. Peacock,b'Dr. Peacock'
2563,15732986,Moonwalk,b'Moonwalk'
2565,2992248,Strong R.,b'Strong R.'
2566,24662519,Nik Sitz,b'Nik Sitz'
2573,1661608,Mark Dekoda,b'Mark Dekoda'
2574,1146848,Billx,b'Billx'
2575,7972715,Achmad Fauzi Sahri (3),b'Achmad Fauzi Sahri (3)'
2577,11009453,Breech_minimal,b'Breech_minimal'
2580,44598884,JKim19,b'JKim19'
2583,983087,Epok,b'Epok'
2584,10927553,TwistedCircuit,b'TwistedCircuit'
2586,16939694,Duane Bartolo,b'Duane Bartolo'
2587,8224598,Avenix,b'Avenix'
2589,171814375,Minardo,b'Minardo'
2590,39390612,Max Howard,b'Max Howard'
2592,2335882,AJ Christou,b'AJ Christou'
2593,1372431,Nathan Thomson,b'Nathan Thomson'
2596,13968770,Adri75,b'Adri75'
2597,89765430,Senso Sounds,b'Senso Sounds'
2598,57637947,vinivicimusic,b'vinivicimusic'
2600,6111509,Doktor Froid,b'Doktor Froid'
2601,99018979,Armada Captivating,b'Armada Captivating'
2602,229482,claudinhobrasil,b'claudinhobrasil'
2604,328374,Universo Paralello,b'Universo Paralello'
2605,62930740,Tristan Schmidt 2,b'Tristan Schmidt 2'
2607,29316280,Belik Boom,b'Belik Boom'
2608,1412183,Azax,b'Azax'
2609,72446939,Dang3r,b'Dang3r'
2610,16620767,Berg,b'Berg'
2612,2714299,Major-7,b'Major-7'
2613,814237,Ritmomusic,b'Ritmomusic'
2614,100184323,Armada Night Radio,b'Armada Night Radio'
2615,58502729,A State Of Trance,b'A State Of Trance'
2616,183425,Rodg,b'Rodg'
2617,9311293,WARRIORS,b'WARRIORS'
2618,19209004,Future Frequency,b'Future Frequency'
2619,3548599,ZANON,b'ZANON'
2621,6859216,Upgrade Music,b'Upgrade Music'
2622,173402339,Axl Hazarika,b'Axl Hazarika'
2624,169250756,VII,b'VII'
2625,1814899,Blastoyz,b'Blastoyz'
2627,13644197,Blazy,b'Blazy'
2632,197484968,Find Your Harmony Radio,b'Find Your Harmony Radio'
2634,1242539,ASTRIX (official),b'ASTRIX (official)'
2636,296375,Mark Sixma,b'Mark Sixma'
2638,134568,Neelix,b'Neelix'
2642,2797640,StatementMusic,b'StatementMusic'
2644,20858073,NIKELODEON,b'NIKELODEON'
2645,1600785,Hi Profile,b'Hi Profile'
2647,12640729,OZORA Festival,b'OZORA Festival'
2650,5690393,Ghost Rider (official),b'Ghost Rider (official)'
2652,944515,InfectedMushroom,b'InfectedMushroom'
2653,9971600,Coming Soon!!!,b'Coming Soon!!!'
2656,1519628,DjYahel (official Cloud ),b'DjYahel (official Cloud )'
2657,1057056,Dash Berlin,b'Dash Berlin'
2662,53235774,Reality Test,b'Reality Test'
2664,26912952,DaVinci Code,b'DaVinci Code'
2667,231914518,lilhothands,b'lilhothands'
2668,16008252,FabioandMoon,b'FabioandMoon'
2669,116337358,crocoloko,b'crocoloko'
2670,942050,Symphonix,b'Symphonix'
2671,60473184,Muhammad Anwaar Khan,b'Muhammad Anwaar Khan'
2672,245184,IbogaRecords,b'IbogaRecords'
2673,9870292,Anne-Aude aka Dj Shankari,b'Anne-Aude aka Dj Shankari'
2676,27128165,Kraft-e,b'Kraft-e'
2677,1322509,sestosento,b'sestosento'
2679,1226582,BLiSS,b'BLiSS'
2680,5926405,Ranji @,b'Ranji @'
2681,651908,VERMONT,b'VERMONT'
2682,8677062,DJ gabriel,b'DJ gabriel'
2683,174016189,R3TRANCED,b'R3TRANCED'
2684,74034119,Wanted,b'Wanted'
2685,9910169,Aly & Fila,b'Aly & Fila'
2687,106847425,SHAYOR,b'SHAYOR'
2688,3512831,Polar Energy,b'Polar Energy'
2692,190084,Mohamed Ragab,b'Mohamed Ragab'
2693,1883858,Goa Trance Music,b'Goa Trance Music'
2697,97558122,LocoWeed,b'LocoWeed'
2698,46259543,Bad-Bunny,b'Bad-Bunny'
2699,142478480,slab%,b'slab%'
2700,193649478,T-Sizzle24,b'T-Sizzle24'
2701,3480303,T-Mass,b'T-Mass'
2703,100578347,DARIIOO,b'DARIIOO'
2704,128918247,2DZ,b'2DZ'
2705,103722868,Lucian,b'Lucian'
2707,8201076,disto,b'disto'
2709,93105379,Noriel,b'Noriel'
2710,182124701,Darellpr,b'Darellpr'
2711,122637617,More Than Records,b'More Than Records'
2713,51276113,Crankdat,b'Crankdat'
2714,30223684,Daniel Olvera,b'Daniel Olvera'
2717,91875479,Digital Trapstars,b'Digital Trapstars'
2718,256323622,No Riddim #2,b'No Riddim #2'
2724,99300046,Elysian Records,b'Elysian Records'
2728,74620231,Electric Spark,b'Electric Spark'
2729,97864009,IV REAL MUSIC,b'IV REAL MUSIC'
2731,18172313,Alex Errday,b'Alex Errday'
2732,192669233,DEUTSCH RAP SUPPORT,b'DEUTSCH RAP SUPPORT'
2735,202166446,PLUG STUDIOS NYC,b'PLUG STUDIOS NYC'
2736,70816700,FERNANDO RIVERA $,b'FERNANDO RIVERA $'
2737,5020442,Marcus mj,b'Marcus mj'
2739,144635756,IIIXXVELL,b'IIIXXVELL'
2741,6425726,"Juhn ""ElAllStar""","b'Juhn ""ElAllStar""'"
2743,248059158,Trap Cartel,b'Trap Cartel'
2744,17797035,Arman Cekin,b'Arman Cekin'
2746,165320750,Django,b'Django'
2749,13813117,Trap Cords,b'Trap Cords'
2750,21567438,Pesos..Baby LaFlame Beats,b'Pesos..Baby LaFlame Beats'
2752,3082177,KNY FŒõCTORY,b'KNY FCTORY'
2753,218993,Torro Torro,b'Torro Torro'
2754,27580353,Trap Nation,b'Trap Nation'
2757,30995894,Dvice,b'Dvice'
2758,181185830,Aspire,b'Aspire'
2759,155482777,Arman Cekin Remixes,b'Arman Cekin Remixes'
2760,14766,Mayhem,b'Mayhem'
2761,101432575,That Murdock,b'That Murdock'
2762,26795107,David Akd,b'David Akd'
2763,243329054,TheNewSupply,b'TheNewSupply'
2765,24957202,Hex Cougar,b'Hex Cougar'
2766,245843241,offcialkevonn,b'offcialkevonn'
2767,86812160,IG// @SenseiOfSlavery,b'IG// @SenseiOfSlavery'
2768,17926324,Enschway,b'Enschway'
2769,192140114,TeamTaj,b'TeamTaj'
2771,248860003,TRU SLAB,b'TRU SLAB'
2773,42217043,NOT YOUR DOPE,b'NOT YOUR DOPE'
2776,172249277,Tomsize,b'Tomsize'
2777,312963,Flosstradamus,b'Flosstradamus'
2781,253505767,TRU MOTHERFUCKING SLAB,b'TRU MOTHERFUCKING SLAB'
2783,34051612,KELMITT,b'KELMITT'
2784,247049821,LOS DUROS CON LOS DUROS,b'LOS DUROS CON LOS DUROS'
2785,100585002,Trill Sammy,b'Trill Sammy'
2786,252165444,Fansss,b'Fansss'
2787,133749889,Belly Squad,b'Belly Squad'
2788,69257219,NGHTMRE,b'NGHTMRE'
2791,540952,iamhypnotik,b'iamhypnotik'
2794,60382834,Space Race,b'Space Race'
2796,84938423,MuzikFene,b'MuzikFene'
2797,222074365,Mittix,b'Mittix'
2798,6352598,Supa Bwe,b'Supa Bwe'
2800,158944048,FatalExc3pti0n,b'FatalExc3pti0n'
2801,3042707,dj_aLloi,b'dj_aLloi'
2802,75375003,Black COAL,b'Black COAL'
2803,20418657,ug_vavy,b'ug_vavy'
2804,16019489,She¬¥s excited!,b'Shes excited!'
2808,4657484,SHEEM KLUAF,b'SHEEM KLUAF'
2809,33410636,Imagined Herbal Flows,b'Imagined Herbal Flows'
2811,13501082,TheNujabesLover,b'TheNujabesLover'
2815,42630956,TreJefe,b'TreJefe'
2816,8815594,CJTopOff,b'CJTopOff'
2819,939022,Weaver Beats,b'Weaver Beats'
2826,241310128,OnlyTrap Inc,b'OnlyTrap Inc'
2829,69981278,Logan Cage,b'Logan Cage'
2830,171467607,Ramsey,b'Ramsey'
2832,106499016,DDM Recordings,b'DDM Recordings'
2834,65529094,resurgence,b'resurgence'
2835,2360716,Cobana ‡•ê,b'Cobana '
2837,52170874,Rayven Justice,b'Rayven Justice'
2840,17816142,Yusuke Mizushima,b'Yusuke Mizushima'
2842,50983799,Ciara Aldridge,b'Ciara Aldridge'
2844,300697,Sebastian Ingrosso,b'Sebastian Ingrosso'
2847,5607237,Trip Hop Nation,b'Trip Hop Nation'
2850,762863,Mr FijiWiji,b'Mr FijiWiji'
2851,60312443,Mounika.,b'Mounika.'
2854,83725339,Morocco Brown,b'Morocco Brown'
2857,48386371,tobuscusfkmepls,b'tobuscusfkmepls'
2858,7264346,dinnerwithjohn,b'dinnerwithjohn'
2859,259847959,heyyan,b'heyyan'
2860,150242265,Mirella Zanetti,b'Mirella Zanetti'
2861,360663,Poldoore,b'Poldoore'
2862,255960741,Dunks Dubs,b'Dunks Dubs'
2864,74682011,Wavvy,b'Wavvy'
2865,22113052,Ark Patrol,b'Ark Patrol'
2869,113445141,hyunjaew,b'hyunjaew'
2871,97809343,pace,b'pace'
2873,133074340,Majik,b'Majik'
2874,245102880,KLASHTALK,b'KLASHTALK'
2879,5428132,Ju,b'Ju'
2881,87707126,Jean Emerick,b'Jean Emerick'
2883,72491800,Future vibes,b'Future vibes'
2884,4411,Gramatik,b'Gramatik'
2889,18059731,BLACK SMURF,b'BLACK SMURF'
2890,72049,Hannah Wants,b'Hannah Wants'
2891,221463341,HypeHipHop,b'HypeHipHop'
2892,79716363,trippythakid  ‚òΩ,b'trippythakid  '
2893,32160892,ÔªøÔºÆÔΩÖÔΩîÔΩìÔΩï,b''
2896,2633012,Mindpleasure & Friends,b'Mindpleasure & Friends'
2898,190278568,User 831524626,b'User 831524626'
2899,121315043,Alasfour,b'Alasfour'
2900,244370652,ŸáŸäŸÖÿß ŸÅŸàÿ± ÿßŸäŸÅÿ± ÿ∑ÿ±ÿ® ŸÖŸäŸÉÿ≥,b'    '
2901,122239290,Dr.amr 7a7a,b'Dr.amr 7a7a'
2902,3247986,Amr El-Ghitany,b'Amr El-Ghitany'
2903,35454384,Carmen Soliman,b'Carmen Soliman'
2904,217754309,ÿßÿ≥ŸÖÿπ ÿ¥ÿπÿ®Ÿâ,b' '
2905,200299218,Zeyad Kamal,b'Zeyad Kamal'
2906,240779386,Nagham,b'Nagham'
2907,127942113,Samy Adel,b'Samy Adel'
2908,76640099,Mohamed Jeery,b'Mohamed Jeery'
2909,104613727,Ahmad Arqawi,b'Ahmad Arqawi'
2910,22403628,Mohamed Talat Zaki,b'Mohamed Talat Zaki'
2911,155580289,MaHraGaNaT Exclusive ‚ú™,b'MaHraGaNaT Exclusive '
2912,102433987,Assala,b'Assala'
2913,63517989,‚àï∆ñ ‚àï∆ñŒ±Œ∂mŸèoud,b' moud'
2914,204462509,~Never Land~,b'~Never Land~'
2915,66090208,Temsa7,b'Temsa7'
2916,212479894,ÿ¥ŸÄÿπŸÄÿ®ŸÄŸä ŸÖŸÄÿµŸÄÿ±Ÿä,b' '
2917,238427464,Mahrganat,b'Mahrganat'
2918,5294984,MaTb3aa,b'MaTb3aa'
2919,94140034,Mahmoud Muhammed,b'Mahmoud Muhammed'
2920,11674330,omar said,b'omar said'
2921,123598081,StarGate,b'StarGate'
2922,140760262,Fareda Ahmed,b'Fareda Ahmed'
2923,8129323,Ôº≥Ôº®Ôº•Ôº•Ôº≥Ôº® …® ê ç,b' '
2924,118513979,Princc Midoo12,b'Princc Midoo12'
2925,69512472,mazenmezo,b'mazenmezo'
2926,13901843,‚ô™ edeeb ‚ô™,b' edeeb '
2927,188925788,Eyad Jian,b'Eyad Jian'
2928,56652264,Adham Seliman,b'Adham Seliman'
2929,251655792,Instagram: Ahmedshalaby77 ÿßŸÑÿ®ŸàŸÖ ÿßŸÑŸäÿ≥ÿß ŸÖŸÑŸÉŸá ÿßŸÑÿßÿ≠ÿ≥ÿßÿ≥,b'Instagram: Ahmedshalaby77    '
2930,200486753,Mohamed Saad,b'Mohamed Saad'
2931,58423443,Taha A. Gado,b'Taha A. Gado'
2932,37591719,Sayed El Lithey,b'Sayed El Lithey'
2933,100192622,Jolie Attar,b'Jolie Attar'
2934,103667786,MMShoulah,b'MMShoulah'
2935,63704891,Peter 3adel,b'Peter 3adel'
2936,125511232,YousseF Fathii,b'YousseF Fathii'
2937,83761969,Mohammed Shurrab,b'Mohammed Shurrab'
2938,125139230,Egy Tracks,b'Egy Tracks'
2939,165268166,Mohammed Al-sheikh,b'Mohammed Al-sheikh'
2940,81822463,Dream Perfect Regime (DPR),b'Dream Perfect Regime (DPR)'
2941,7639134,NaderHamdy,b'NaderHamdy'
2942,88869425,EL Shewey,b'EL Shewey'
2943,65499462,user501231236,b'user501231236'
2944,111752166,Mii-To'u,"b""Mii-To'u"""
2945,18990367,Omar Metwally ‚ú™,b'Omar Metwally '
2946,4427967,Safrota,b'Safrota'
2948,245221433,ÿßŸÑÿ®ŸàŸÖ ÿßŸÑŸäÿ≥ÿß - ÿ≥Ÿáÿ±ŸÜÿß Ÿäÿß ŸÑŸäŸÑ,b'  -   '
2949,206987410,Hs√± S√°pri,b'Hs Spri'
2950,3622311,Rose_d'amour,"b""Rose_d'amour"""
2951,91249323,NouRLando,b'NouRLando'
2952,60676630,Kimz Mattar,b'Kimz Mattar'
2953,32077074,MADU,b'MADU'
2956,10138280,Aj Assim,b'Aj Assim'
2957,142563375,ALI Mohmmad,b'ALI Mohmmad'
2958,253261542,Wasta Network,b'Wasta Network'
2960,64447173,DoDGe,b'DoDGe'
2961,163449727,heba fawzy,b'heba fawzy'
2962,54434978,smart.BeDo,b'smart.BeDo'
2963,45815454,Momen tommy,b'Momen tommy'
2964,16978677,Marwan Tarek,b'Marwan Tarek'
2965,5967664,Rami Nassrallah,b'Rami Nassrallah'
2966,65427451,Mahmoud Hakeem,b'Mahmoud Hakeem'
2967,83581390,Tony,b'Tony'
2968,109490298,HawssaCC,b'HawssaCC'
2969,72417203,Ahmed Wesha 1,b'Ahmed Wesha 1'
2970,184579370,sha3by w BaS ‚ú™ PRO ‚úî,b'sha3by w BaS  PRO '
2971,150569504,Sara Elshabkaa,b'Sara Elshabkaa'
2972,118598422,MooDy AD,b'MooDy AD'
2973,242800188,ÿ≤ŸäŸÄŸÉŸÄÿß,b''
2974,128037725,Soraya Emad,b'Soraya Emad'
2975,110997020,Solly MiZo,b'Solly MiZo'
2976,56573189,TRPmix.com,b'TRPmix.com'
2977,74238450,Muhammed A. El-Naggar,b'Muhammed A. El-Naggar'
2978,12093337,TrpMix.Bershama,b'TrpMix.Bershama'
2979,49413349,BaRaKat,b'BaRaKat'
2980,216423964,Ultras Filo,b'Ultras Filo'
2981,27885497,Maged_Ali79,b'Maged_Ali79'
2982,30211778,Wael Elbaz,b'Wael Elbaz'
2983,48437728,Menna AGlan,b'Menna AGlan'
2984,8506782,[Musica] Player,b'[Musica] Player'
2985,8117204,Ahmed Elgammal,b'Ahmed Elgammal'
2986,111282457,Muhameed Tarek,b'Muhameed Tarek'
2987,188912252,JAY VIBE RECORDS,b'JAY VIBE RECORDS'
2988,233387095,ÿßÿ¨ÿØÿØ ÿßŸÑÿßÿ∫ÿßŸÜŸä,b' '
2990,130429892,Ahmuxs,b'Ahmuxs'
2991,2091062,islamzeus,b'islamzeus'
2992,21858659,MarkoElpop,b'MarkoElpop'
2993,169312955,ahm3dmostafa,b'ahm3dmostafa'
2995,73687949,tokka mahmoud,b'tokka mahmoud'
2996,197807940,eLMoShaKeS,b'eLMoShaKeS'
2997,232379311,Mazen Sadek,b'Mazen Sadek'
2998,43343162,Pottermore,b'Pottermore'
2999,1787232,FaberBooks,b'FaberBooks'
3000,82057256,Ladybird Books,b'Ladybird Books'
3002,73637897,HarperAudio Presents,b'HarperAudio Presents'
3003,19768198,HarperAudio,b'HarperAudio'
3006,42137835,Hay House,b'Hay House'
3008,32891137,fatimabdullah,b'fatimabdullah'
3009,17840702,HachetteAudio,b'HachetteAudio'
3010,4664302,PRH Audio,b'PRH Audio'
3012,880811,Post Hypnotic Press Books,b'Post Hypnotic Press Books'
3016,4247850,Penguin Books UK,b'Penguin Books UK'
3017,29135465,Guardian Books podcast,b'Guardian Books podcast'
3019,49362068,Hay House UK,b'Hay House UK'
3021,39103482,Audible,b'Audible'
3022,39473817,BookD Podcast,b'BookD Podcast'
3029,86072884,Puffin Books UK,b'Puffin Books UK'
3035,8214906,OrionBooks,b'OrionBooks'
3036,35772666,AudibleUK,b'AudibleUK'
3039,10724569,Dead Good Audio,b'Dead Good Audio'
3042,21304054,MacmillanAudio,b'MacmillanAudio'
3043,17275829,AudioGO Audiobooks,b'AudioGO Audiobooks'
3053,16059,BetterListen!,b'BetterListen!'
3054,9864124,Avoc  ÿ¢Ÿàÿß⁄©,b'Avoc  '
3058,50758087,Books and Authors,b'Books and Authors'
3060,5321014,Simon & Schuster Audio,b'Simon & Schuster Audio'
3061,19996639,HarperAudio_US,b'HarperAudio_US'
3070,50749642,BBC Book Club,b'BBC Book Club'
3075,39683459,Harperchildrens,b'Harperchildrens'
3097,77579800,Rhonda Byrne Audiobooks,b'Rhonda Byrne Audiobooks'
3098,97151295,FT Big Read,b'FT Big Read'
3099,2366352,garyvee,b'garyvee'
3100,60292654,B√∂rspodden,b'Brspodden'
3102,7549311,The Economist,b'The Economist'
3105,120526530,Placeras STOCKholmsb√∂rsen,b'Placeras STOCKholmsbrsen'
3108,146427556,The MFCEO Project,b'The MFCEO Project'
3110,37590655,HBR IdeaCast,b'HBR IdeaCast'
3111,59518458,#Sparpodden,b'#Sparpodden'
3119,22645009,Helios Herrera,b'Helios Herrera'
3120,131412063,Chat With Traders,b'Chat With Traders'
3126,29314499,Bloomberg View,b'Bloomberg View'
3134,173224393,Bloomberg,b'Bloomberg'
3135,25784520,M24: The Entrepreneurs,b'M24: The Entrepreneurs'
3137,97147941,FT World Weekly,b'FT World Weekly'
3138,68016047,NVP Tamlyn&Andrew Samuel,b'NVP Tamlyn&Andrew Samuel'
3140,25784122,Monocle 24: The Urbanist,b'Monocle 24: The Urbanist'
3143,150526623,UnitedNations,b'UnitedNations'
3145,10894782,CambridgeJBS,b'CambridgeJBS'
3147,10953460,Marketplace,b'Marketplace'
3148,85435912,BiggerPockets Podcast,b'BiggerPockets Podcast'
3150,97148339,Lucy Kellaway,b'Lucy Kellaway'
3156,103179866,Ready Set Go to the Top,b'Ready Set Go to the Top'
3158,71129812,AskPat,b'AskPat'
3163,87035121,EFNpodden,b'EFNpodden'
3166,99008812,Addicted2Success,b'Addicted2Success'
3176,55345306,deannaherrin,b'deannaherrin'
3177,29898361,ThisMorning,b'ThisMorning'
3180,141544632,M√©di√°≈ô,b'Mdi'
3198,44683272,Shane And Friends,b'Shane And Friends'
3199,48039907,The Read,b'The Read'
3200,88794716,The Brilliant Idiots,b'The Brilliant Idiots'
3201,24758916,theMonday Morning Podcast,b'theMonday Morning Podcast'
3206,169774121,Bodega Boys,b'Bodega Boys'
3207,169150534,The Basement Yard,b'The Basement Yard'
3208,95476128,Not Too Deep with Grace,b'Not Too Deep with Grace'
3211,167300167,The Friend Zone,b'The Friend Zone'
3214,143463073,Lip Service,b'Lip Service'
3215,32443384,Epic Rap Battles,b'Epic Rap Battles'
3219,54230392,The Cracked Podcast,b'The Cracked Podcast'
3221,45519877,Comedy Central,b'Comedy Central'
3224,4474692,Comedy Bang Bang,b'Comedy Bang Bang'
3225,137846288,Last Podcast On The Left,b'Last Podcast On The Left'
3230,68891950,Guys We F****d,b'Guys We F****d'
3234,29842629,complexmag,b'complexmag'
3237,150593546,SourceFed Podcast,b'SourceFed Podcast'
3240,54244466,Podcast do Pretinho,b'Podcast do Pretinho'
3245,4483139,How Did This Get Made?,b'How Did This Get Made?'
3258,50596911,The JTrain Podcast,b'The JTrain Podcast'
3265,144894657,A Waste of Time,b'A Waste of Time'
3298,1153176,billboard,b'billboard'
3299,138976584,The Joe Budden Podcast,b'The Joe Budden Podcast'
3300,154009125,No Jumper,b'No Jumper'
3304,109532020,Jenna & Julien Podcast,b'Jenna & Julien Podcast'
3305,40440599,El Goldo y La Pelua,b'El Goldo y La Pelua'
3306,71500666,Double Toasted,b'Double Toasted'
3309,45633928,"Ty, Kelly, and Chuck-America's Morning Show","b""Ty, Kelly, and Chuck-America's Morning Show"""
3312,112884510,Psychobabble Tyler Oakley,b'Psychobabble Tyler Oakley'
3315,48684217,The Combat Jack Show,b'The Combat Jack Show'
3316,99643372,TheHipHopLab,b'TheHipHopLab'
3317,18121504,The Glenn Beck Program,b'The Glenn Beck Program'
3321,156542883,Dear Hank & John,b'Dear Hank & John'
3325,67277186,MOViN925,b'MOViN925'
3327,150303766,VladTV,b'VladTV'
3328,21534608,Creepypasta Storytime,b'Creepypasta Storytime'
3329,6592090,Dormtainment,b'Dormtainment'
3335,90175412,RuPaul: What's the Tee?,"b""RuPaul: What's the Tee?"""
3337,51404188,Saturday Live,b'Saturday Live'
3338,7352216,VICE,b'VICE'
3340,29782395,Ground Zero Media,b'Ground Zero Media'
3343,5329745,HOT 97,b'HOT 97'
3344,68028612,Nawtico,b'Nawtico'
3346,139726839,Juan Epstein,b'Juan Epstein'
3348,21332328,BuzzFeed,b'BuzzFeed'
3350,2026924,CFOX,b'CFOX'
3351,5170489,marthadebayle,b'marthadebayle'
3362,5453079,FunX,b'FunX'
3373,159731919,Break It Down Podcast,b'Break It Down Podcast'
3377,141381968,Another Round,b'Another Round'
3382,48684663,FanBrosShow,b'FanBrosShow'
3388,7856128,wxpnfm,b'wxpnfm'
3390,79294269,Fat Man on Batman,b'Fat Man on Batman'
3393,6880308,Adam Buxton,b'Adam Buxton'
3396,2150697,KinkyCasey,b'KinkyCasey'
3398,59753170,Waking Up with Sam Harris,b'Waking Up with Sam Harris'
3399,25722217,LifeLeveler,b'LifeLeveler'
3400,33856806,5 In The Afternoon |  ŸæŸÜÿ¨ ÿπÿµÿ± ÿ®ÿß ⁄©ÿßŸÖÿ®€åÿ≤ ÿ≠ÿ≥€åŸÜ€å,b'5 In The Afternoon |      '
3401,68198492,"ENVP, Donna Johnson","b'ENVP, Donna Johnson'"
3405,2461663,Intelligence Squared,b'Intelligence Squared'
3407,4135366,Lewis Howes,b'Lewis Howes'
3413,38956157,Digital Spartan,b'Digital Spartan'
3414,3846881,Dreaming in the Void,b'Dreaming in the Void'
3417,37126173,debbieneal,b'debbieneal'
3420,2427644,UCL Sound,b'UCL Sound'
3425,31740038,TalkToMeInKorean,b'TalkToMeInKorean'
3428,51674511,Partially Examined Life,b'Partially Examined Life'
3434,77469217,Mike Cernovich Podcast,b'Mike Cernovich Podcast'
3435,818784,Part 1-2 the power of now,b'Part 1-2 the power of now'
3436,13385304,davidji,b'davidji'
3440,17473905,A Way with Words,b'A Way with Words'
3449,27330924,LiberationInMind,b'LiberationInMind'
3451,57849969,Archaeology,b'Archaeology'
3453,22327601,DW - Learn German,b'DW - Learn German'
3457,68186648,Good Life Project,b'Good Life Project'
3458,4145486,University of Cambridge,b'University of Cambridge'
3459,11049439,Tim Ferriss,b'Tim Ferriss'
3461,49240110,Rmngrandpalais,b'Rmngrandpalais'
3462,44687512,Rich Roll Podcast,b'Rich Roll Podcast'
3469,165595159,Campus,b'Campus'
3471,50759503,BBC Radio 4: More or Less,b'BBC Radio 4: More or Less'
3472,30780299,ColChrisHadfield,b'ColChrisHadfield'
3479,54336681,Jonlavin,b'Jonlavin'
3480,41201982,FarEastMotivation,b'FarEastMotivation'
3483,17286807,LSE Podcasts,b'LSE Podcasts'
3485,2018680,Stanford eCorner,b'Stanford eCorner'
3491,12981826,centerpointe,b'centerpointe'
3498,44663681,latinousa,b'latinousa'
3499,120759957,Louder With Crowder,b'Louder With Crowder'
3500,25346550,BuzzFeed News,b'BuzzFeed News'
3501,83335904,CBSÎùºÎîîÏò§,b'CBS'
3503,34694383,98.9 WCLZ,b'98.9 WCLZ'
3504,120252892,BBC Gahuza,b'BBC Gahuza'
3505,52090386,morningshow.hu,b'morningshow.hu'
3506,27727801,bbcburmese,b'bbcburmese'
3516,96740050,The Radix Podcast,b'The Radix Podcast'
3519,29826576,NYDailyNews,b'NYDailyNews'
3527,15724647,DRadio Wissen,b'DRadio Wissen'
3528,157648308,Fatu Radio Network,b'Fatu Radio Network'
3529,162128053,Radio Omega,b'Radio Omega'
3532,138569037,Red Ice Radio,b'Red Ice Radio'
3537,74131383,Monocle 24: Foreign Desk,b'Monocle 24: Foreign Desk'
3538,22961888,Landesschau aktuell RP,b'Landesschau aktuell RP'
3539,76926899,World View - The Irish Times,b'World View - The Irish Times'
3540,28767177,Pepe Billete Uncensored,b'Pepe Billete Uncensored'
3544,116961113,Matt Walsh - TheBlaze,b'Matt Walsh - TheBlaze'
3545,89420700,Artunduaga por la ma√±ana,b'Artunduaga por la maana'
3547,35947395,Buck Sexton,b'Buck Sexton'
3550,142270231,Motgift,b'Motgift'
3552,7211860,NotiUno 630,b'NotiUno 630'
3555,99045771,Washington Free Beacon,b'Washington Free Beacon'
3558,15799848,RFA Burmese,b'RFA Burmese'
3560,53483113,RTVC - CARAIBES FM 94.5,b'RTVC - CARAIBES FM 94.5'
3564,30886644,ÿ≥Ÿàÿß ŸÖÿßÿ∫ÿßÿ≤ŸäŸÜ ÿ±ÿßÿØŸäŸà ÿ≥Ÿàÿß,b'   '
3565,93488201,Arkansas Times,b'Arkansas Times'
3566,58912804,Radio Fresh FM,b'Radio Fresh FM'
3567,29134487,Guardian Politics Weekly,b'Guardian Politics Weekly'
3572,113127262,Newslaundry,b'Newslaundry'
3573,29431928,–†–∞–¥–∏–æ –°–≤–æ–±–æ–¥–∞,b' '
3577,142201817,GLZ Radio - ◊í◊ú◊¶,b'GLZ Radio - '
3578,20963643,HPM - News 88.7,b'HPM - News 88.7'
3580,2310520,RFA Vietnamese,b'RFA Vietnamese'
3581,140079706,M24: The Big Interview,b'M24: The Big Interview'
3586,95733114,Hagmann & Hagmann Report,b'Hagmann & Hagmann Report'
3588,23627464,The White House,b'The White House'
3590,51421269,WSHardtalk,b'WSHardtalk'
3591,50009496,Huna Sotak,b'Huna Sotak'
3592,57491208,Áü≥Êø§.radio,b'.radio'
3598,67953725,Mustafa Hosny,b'Mustafa Hosny'
3601,3702142,supresencia,b'supresencia'
3606,24350376,Mia Astral,b'Mia Astral'
3611,2155688,On Being Studios,b'On Being Studios'
3612,66735073,Massage ASMR,b'Massage ASMR'
3617,18323620,Padre Paulo Ricardo,b'Padre Paulo Ricardo'
3622,13337910,CTMI,b'CTMI'
3625,2747780,NgalSo Sound Archive,b'NgalSo Sound Archive'
3630,67607332,3ashig alm3atig,b'3ashig alm3atig'
3643,9550553,casadeoracionmexico,b'casadeoracionmexico'
3653,71208277,The Morning Answer,b'The Morning Answer'
3663,60249133,RADIOVOX_ORG,b'RADIOVOX_ORG'
3664,26488599,pildorasdefe,b'pildorasdefe'
3677,246873,Cape Town Muslim Events,b'Cape Town Muslim Events'
3680,104682107,council1arch,b'council1arch'
3696,160593169,Rabbi Daniel Lapin,b'Rabbi Daniel Lapin'
3698,38128127,StarTalk Radio,b'StarTalk Radio'
3701,112904040,NASA,b'NASA'
3704,51405840,The Life Scientific,b'The Life Scientific'
3711,2342585,Nature sounds,b'Nature sounds'
3712,29134061,Guardian Science Weekly,b'Guardian Science Weekly'
3713,51412539,WSDiscovery,b'WSDiscovery'
3720,10941082,SciFri,b'SciFri'
3722,109535128,Newsweek Tech & Science,b'Newsweek Tech & Science'
3730,8396837,European Space Agency,b'European Space Agency'
3762,1310632,Listening Earth,b'Listening Earth'
3773,166801999,waitbutwhy,b'waitbutwhy'
3798,175240992,The Bill Simmons Podcast,b'The Bill Simmons Podcast'
3801,29135737,Guardian Football Weekly,b'Guardian Football Weekly'
3802,44619822,IrishTimes SecondCaptains,b'IrishTimes SecondCaptains'
3803,82132148,HBO Boxing,b'HBO Boxing'
3804,63070057,Fighter and The Kid,b'Fighter and The Kid'
3806,46438170,Steve Dangle Podcast,b'Steve Dangle Podcast'
3812,40717662,The Attitude Era Podcast,b'The Attitude Era Podcast'
3815,119064837,Men In Blazers,b'Men In Blazers'
3816,6421733,Pregame,b'Pregame'
3817,158429108,The Fantasy Footballers,b'The Fantasy Footballers'
3818,17892688,adidasfootball,b'adidasfootball'
3830,98381617,The MMA Hour with Helwani,b'The MMA Hour with Helwani'
3831,29292848,MMA Beat,b'MMA Beat'
3833,167794477,The Nolecast,b'The Nolecast'
3839,145331061,The Corner Podcast,b'The Corner Podcast'
3840,6233389,zwwdf,b'zwwdf'
3841,54149232,The Game Podcast,b'The Game Podcast'
3842,53729553,The Jillian Michaels Show,b'The Jillian Michaels Show'
3843,59483372,Cruzados,b'Cruzados'
3844,31104708,The Solid Verbal,b'The Solid Verbal'
3845,56715894,ShutdownFullcast,b'ShutdownFullcast'
3847,147445853,Anik and Florian,b'Anik and Florian'
3848,88271741,1. FC K√∂ln,b'1. FC Kln'
3849,12429852,BGN Radio,b'BGN Radio'
3850,109631238,The Stephen A. Smith Show,b'The Stephen A. Smith Show'
3852,98602096,ColtCabana,b'ColtCabana'
3858,75202880,Dirty Sports,b'Dirty Sports'
3859,46161154,SPORT1.fm,b'SPORT1.fm'
3860,12873059,Warriors,b'Warriors'
3862,24058849,Off The Ball,b'Off The Ball'
3865,55907462,Bet The Board,b'Bet The Board'
3866,70429005,newgenpodcast,b'newgenpodcast'
3868,169482547,PodcastAin'tPlayedNobody,"b""PodcastAin'tPlayedNobody"""
3871,2104676,Arseblog,b'Arseblog'
3873,87529600,SiriusXM NBA Radio,b'SiriusXM NBA Radio'
3876,76930635,TSN 1040 | 1410,b'TSN 1040 | 1410'
3877,35130728,MMA Roasted,b'MMA Roasted'
3879,83214438,UEFA.com,b'UEFA.com'
3880,32998650,The Come Up BMX,b'The Come Up BMX'
3884,87532681,SiriusXM NFL Radio,b'SiriusXM NFL Radio'
3898,41350296,NightValeRadio,b'NightValeRadio'
3899,5539303,Roman Mars,b'Roman Mars'
3900,69651204,CriminalShow,b'CriminalShow'
3904,1864583,siftpodcast,b'siftpodcast'
3907,675480,Benjamen Walker,b'Benjamen Walker'
3908,1242667,Love + Radio,b'Love + Radio'
3909,240146254,Hennessy,b'Hennessy'
3912,136833289,The Mortified Podcast,b'The Mortified Podcast'
3914,29669516,ARTE Radio,b'ARTE Radio'
3920,16633995,Strangers Podcast,b'Strangers Podcast'
3925,3009842,Snap Judgment,b'Snap Judgment'
3940,3334595,The Truth Podcast,b'The Truth Podcast'
3948,11150128,Radio Diaries,b'Radio Diaries'
3950,13270730,HereBeMonsters,b'HereBeMonsters'
3954,16563806,BackStory,b'BackStory'
3957,50759330,BBC Radio 4: Midweek,b'BBC Radio 4: Midweek'
3958,9491920,Radio Ambulante,b'Radio Ambulante'
3960,29752646,"Documentary On One, RT√â","b'Documentary On One, RT'"
3961,123653482,Gimletmedia,b'Gimletmedia'
3964,3439653,Radiolab,b'Radiolab'
3965,33831735,This American Life,b'This American Life'
3966,89743233,Button Poetry,b'Button Poetry'
3973,16252415,The Story Collider,b'The Story Collider'
3981,57972268,UnbelievablePodcast,b'UnbelievablePodcast'
3984,124613727,Reveal,b'Reveal'
3998,125332894,Jimquisition,b'Jimquisition'
3999,35042463,TotalBiscuit,b'TotalBiscuit'
4003,19610109,Android Authority,b'Android Authority'
4004,121703885,Reply All,b'Reply All'
4008,62921190,a16z,b'a16z'
4009,61106095,PlayStation,b'PlayStation'
4011,137735340,FunhausTeam,b'FunhausTeam'
4012,108542998,StartUp Podcast,b'StartUp Podcast'
4013,4951,Nerdcoreblog,b'Nerdcoreblog'
4014,82926214,TheWANShow,b'TheWANShow'
4015,44723883,Tech It Or Leave It,b'Tech It Or Leave It'
4017,22529070,Vergecast,b'Vergecast'
4023,33711988,AntiCast,b'AntiCast'
4025,21436304,Auf ein Bier GamesPodcast,b'Auf ein Bier GamesPodcast'
4027,89811493,BadKidCast,b'BadKidCast'
4028,48637469,AtomixVG,b'AtomixVG'
4029,2604591,brains9,b'brains9'
4035,113133215,Level BackUp,b'Level BackUp'
4036,26187934,Qualiter,b'Qualiter'
4044,6888303,TWiStartups,b'TWiStartups'
4046,37821532,Yogscast,b'Yogscast'
4048,85240368,Talk Nerdy,b'Talk Nerdy'
4052,11789203,TWiT,b'TWiT'
4053,39193389,retronauts,b'retronauts'
4054,3247801,techsupportrich,b'techsupportrich'
4056,4273388,The Stack Overflow Podcast,b'The Stack Overflow Podcast'
4065,17284189,ArsTechnica,b'ArsTechnica'
4070,29134937,Chips with Everything,b'Chips with Everything'
4071,11863322,Larry Hryb (Major Nelson),b'Larry Hryb (Major Nelson)'
4073,176450061,Ctrl-Walt-Delete,b'Ctrl-Walt-Delete'
4075,19801067,Scott Johnson 24,b'Scott Johnson 24'
4076,53270929,TearDownShow,b'TearDownShow'
4082,46863489,USA TODAY Talking Tech,b'USA TODAY Talking Tech'
4085,99761462,Gaming Illuminaughty,b'Gaming Illuminaughty'
4087,71194944,Epicenter,b'Epicenter'
4093,5159238,Eidos-Montr√©al,b'Eidos-Montral'
4094,11458857,Tecnocast,b'Tecnocast'
