48084634,XXXTENTACION
48084634,XXXTENTACION
10494998,LIL UZI VERT
99685284,Post Malone
505203,ETHEREAL
3932070,Panic! At The Disco
250567331,Lil Yatchy ‚õµÔ∏è
1377057,Interscope Records
48084634,XXXTENTACION
3932070,Panic! At The Disco
180986905,Brain Bakery Mag
3932070,Panic! At The Disco
3932070,Panic! At The Disco
67377000,SKI MASK THE SLUMP GOD
1856723,Fitz and The Tantrums
67377000,SKI MASK THE SLUMP GOD
12891691,smokepurpp
29341932,Mackned
99685284,Post Malone
67962887,Rich The Kid
2406814,UnoTheActivist
67377000,SKI MASK THE SLUMP GOD
266075,HORSE HEAD
67377000,SKI MASK THE SLUMP GOD
67377000,SKI MASK THE SLUMP GOD
22054085,JorGeHL'
105574991,Dj MontanaRare
67377000,SKI MASK THE SLUMP GOD
225793518,juxta / Atom Collector
114960460,Matthew Wilson 154
2406814,UnoTheActivist
14610102,yunggoth‚ú∞
67377000,SKI MASK THE SLUMP GOD
2406814,UnoTheActivist
178913424,Stitches
45843856,Nurma
67377000,SKI MASK THE SLUMP GOD
67377000,SKI MASK THE SLUMP GOD
2406814,UnoTheActivist
233919827,Blurry Pilots
59788019,Soaring Radio
7761734,JohnZoe
4263813,BURGER RECORDS
91517026,win32
226517465,Fall Out Boy
70904209,nickapiss
1072199,FearlessRecords
178913424,Stitches
75403832,Scorpionium
182689078,GOTHBOICLIQUE
149230786,addivt
4781093,Fueled By Ramen
78592473,Juninho Souza
178913424,Stitches
2406814,UnoTheActivist
1377057,Interscope Records
1377057,Interscope Records
182689078,GOTHBOICLIQUE
20405927,KEY!
922374,Epitaph Records
1222764,Hopeless Records
24019310,Lederrick
1577559,There For Tomorrow
67377000,SKI MASK THE SLUMP GOD
178913424,Stitches
12001688,copyc4t
12579731,TeraBrite
8813564,th3hunter
121588493,Karma Rhythm
178913424,Stitches
8057582,The Black Keys
10300858,‚ñ≤ KAY P | YUNG SHIVA ‚ñΩ Á•û
108905767,Samar Elsayed
79389165,lil pony aka lil bronco
453920,WarnerBrosRecords
178913424,Stitches
1222764,Hopeless Records
171693701,Danny Towers
106902584,Trippie Redd
114960460,Matthew Wilson 154
212616144,mariopartier123
41298739,OG Maco
12579731,TeraBrite
11474351,BRENNAN SAVAGE
9679046,Igor Carvalho
226517465,Fall Out Boy
79389165,lil pony aka lil bronco
1283946,HappyHourband
78592473,Juninho Souza
17482957,Jared Kotler
183700132,INDIE INDONESIA
4781093,Fueled By Ramen
1072199,FearlessRecords
204341,BURNS
31327168,@ryanstaysaucy
78592473,Juninho Souza
41208298,Monsterjj
4765678,aramis-schultz
78592473,Juninho Souza
213981982,Pedro Chavez
788205,KAYTRANADA
48138556,Hipst3r
99685284,Post Malone
1433035,Hippie Sabotage
82755540,Smooth Music  We Need
8553751,Monstercat
78276678,Wonderlust
25343050,NoMBe
150774631,Your Secret
42371429,Aktaridon
114527679,Axl
3399796,MrSuicideSheep
78276678,Wonderlust
92098484,Jackrichardson 00
131353465,HIGH ON MUSIC
51945440,SyrebralVibes
22153023,UniversityHype.com
152355181,ROOKIES
61189209,Cucoriedka
140402822,Record Record
74594593,chinchilla
16408184,Kidswaste
101994252,The XXX
78276678,Wonderlust
33814476,oshi
141989084,Beauvois
78276678,Wonderlust
2506938,Faraji Farmer
2852068,Sonny Alven
150774631,Your Secret
101994252,The XXX
78276678,Wonderlust
90149759,Lost Kings
186664645,K!efer
74594593,chinchilla
74594593,chinchilla
4360546,Kygo
74594593,chinchilla
22854611,Shruee Liana
68749546,JFerris
3604146,NOVA
74594593,chinchilla
101994252,The XXX
91742964,ICYTWAT
94475436,Ivory Oasis
21268086,FlicFlac
18977495,V E S T I G E
196904080,Neekan Doaiy
101994252,The XXX
9766050,relaxdaily
103470313,LAKEY INSPIRED
153073241,LOSI
58852567,kevinwallace14
101994252,The XXX
78276678,Wonderlust
24980742,brothel.
445063,Thissongissick.com
3399796,MrSuicideSheep
66374689,Relax-Meditation Music :)
2780678,Ehrling
49491120,Tauqeer Ahmad Waheedi
51620102,vermilioneyed
9766050,relaxdaily
101994252,The XXX
78276678,Wonderlust
8553751,Monstercat
101994252,The XXX
910789,Lost Stories Music
105210601,Kait√≤-√≥ Con Botas
78276678,Wonderlust
55904159,SIAN AREA
4634,Kompakt
101994252,The XXX
9766050,relaxdaily
171928293,Zeds Dead Mixes
160122413,slushii
197768664,SHVRDZ
74594593,chinchilla
78276678,Wonderlust
10936880,Brenni Booth'
74594593,chinchilla
78276678,Wonderlust
90530754,Sean T. Phan
4842186,Tora
179628227,los sandrales
74594593,chinchilla
33535552,Emprise Music
22996155,Celadon City
78276678,Wonderlust
29237449,fraggtracks
141989084,Beauvois
78276678,Wonderlust
8553751,Monstercat
61743682,BLVCK
128046106,OTODAYO S≈´pa
3399796,MrSuicideSheep
48533359,Thedragonblade1
239374516,Ghost EW
608044,Hivern Discs
196374075,mattb2
104500660,CokeStudio
104500660,CokeStudio
119905839,madeintyo
119905839,madeintyo
23706060,TCM Underground Official
104500660,CokeStudio
224658016,OnOffJD
62912516,VILLAIN
104500660,CokeStudio
213556446,StreetzHottestMusic
102203572,Umer_Yousuf_Chaudhary_30
17692853,Ahmed Gado
92353490,Rida‚ô°
29645887,Hasnain
104500660,CokeStudio
140186,chad lawson
228554497,Ibrahim Minsh
5993221,LUCKI
114508977,Asad Khan
884151,Glenn Morrison
9510801,Massimo Ghianda
22284683,Reese LAFLARE
27034006,Nour Moukhtar
5993221,LUCKI
93012492,Emraan barjunglee
3399796,MrSuicideSheep
54822000,Bonifansius
42301153,Jack Villano Villano
126977709,PakHungama.com
224054258,spook9988iii
231469112,MPmusic
92353490,Rida‚ô°
2257657,Devochka
82938614,Bighoo
101270962,Agus Eka
5993221,LUCKI
3399796,MrSuicideSheep
22089431,Bluenchanter
125716914,MRmlp
756204,Ala'a Ahmed !
21887378,LaVender
3894128,NŒ£Œ£T
897895,rodrigovaz
53676648,Safena
130238842,AQuariuss
17692853,Ahmed Gado
1597332,Farhan Zameer
187684638,Best Songs Ever <3
23998641,NarutoRoleplayG
34453031,Ahmed Ragab 30
61832710,George
24784871,NESCAF√â Basement
160595166,AHMED GADO 8
8366808,Uguru
247588436,Save Me
17789414,Dj Suede the remix god
13765181,Kareem Ahmed
51524247,NED.Music.Society
5367367,Jazz Cartier
13704083,hassan19872
165578416,Hamada Nakata
15713027,Raymond TheLionhearted
223175015,Pius Fundi
730570,necmusic
2811677,Lac Boi Boi
21429650,JRhodesPianist
57063063,mohaned zidane
14900458,Asheezy
28724535,Ali Khan
17692853,Ahmed Gado
23706060,TCM Underground Official
24784871,NESCAF√â Basement
22061585,*PACMAN*AKA*PAC*
9531102,lilypichu
41822454,Osage69
44257469,Raj Kishan
31601081,dj_khattak
104227523,Video Songs HD ‚ú™
21429650,JRhodesPianist
22061585,*PACMAN*AKA*PAC*
44915782,DJ LUAN FINAL FELIZ
219805753,Mongolian PARTY
28094731,Ahmad Qassim II
71410669,Felipe Santos.
23706060,TCM Underground Official
28480920,Abida Parveen
139195220,Ahmed Gado 5
35405706,Adham Safena
41336589,mrs_slender
8150715,Classicalmuzic.net
30126884,Tatiana Zoghi
81636289,ShazZi
735621,Flight Facilities
50638933,Raja Abdar-Rahman
2439762,music-mdc
44915220,BFLOWER
17692853,Ahmed Gado
53676648,Safena
5627590,Deryn Cullen - Cellist
67135896,Veillex01
163656612,WSOUNDS |Sertanejo ‚ú™
193077584,WSOUNDS |Sertanejo¬≤ ‚ú™
217040908,WSOUNDS |Sertanejo¬≥ ‚ú™
163656612,WSOUNDS |Sertanejo ‚ú™
163656612,WSOUNDS |Sertanejo ‚ú™
163656612,WSOUNDS |Sertanejo ‚ú™
217040908,WSOUNDS |Sertanejo¬≥ ‚ú™
108563171,Sertanejo 2
135141216,JrBorges
234253844,WSOUNDS| Naiara Azevedo
193077584,WSOUNDS |Sertanejo¬≤ ‚ú™
108563171,Sertanejo 2
193077584,WSOUNDS |Sertanejo¬≤ ‚ú™
163656612,WSOUNDS |Sertanejo ‚ú™
163656612,WSOUNDS |Sertanejo ‚ú™
217040908,WSOUNDS |Sertanejo¬≥ ‚ú™
108563171,Sertanejo 2
77024077,WSOUNDS |Sertanejo‚Å¥ ‚ú™
162552021,nilsonas
155506010,Cole Swindell
8741361,Country Music Association
8794623,Sertanejo
38013520,AhmedMohie
163656612,WSOUNDS |Sertanejo ‚ú™
99997112,Pedro Corr√™a
47602649,Dan + Shay
108563171,Sertanejo 2
193077584,WSOUNDS |Sertanejo¬≤ ‚ú™
155506010,Cole Swindell
36177359,Blake Shelton
8794623,Sertanejo
3106398,heeduardoh
217040908,WSOUNDS |Sertanejo¬≥ ‚ú™
33890021,Republic Records Staff
33915322,luizcaroficial
163656612,WSOUNDS |Sertanejo ‚ú™
4028907,D o n K r e z
203674703,WSOUNDS| Jorge e Mateus
36177359,Blake Shelton
217040908,WSOUNDS |Sertanejo¬≥ ‚ú™
38168831,ROTC Music Publishing
217040908,WSOUNDS |Sertanejo¬≥ ‚ú™
125726622,SOUND  SERTANEJO 2016  (Oficial)
160625379,Cristian de Almeida
203624329,WSOUNDS| Maiara e Mara√≠sa
47550758,Andrew Medhat
193077584,WSOUNDS |Sertanejo¬≤ ‚ú™
59551063,Banda Tchimbalai√™
240629253,Letra Videos
193077584,WSOUNDS |Sertanejo¬≤ ‚ú™
149170648,Brett Eldredge
17744233,BillyCurrington
8794623,Sertanejo
207042662,Sam Hunt
1444181,DJ J-Krisp
4538971,ericchurch
59551063,Banda Tchimbalai√™
8794623,Sertanejo
1245401,thecollectivesounds
8794623,Sertanejo
166463724,RandyProvolone
93118372,Official Luke Bryan
208004831,Chris Lane
8794623,Sertanejo
77024077,WSOUNDS |Sertanejo‚Å¥ ‚ú™
163656612,WSOUNDS |Sertanejo ‚ú™
36177359,Blake Shelton
58677736,ZacBrownBand
162552021,nilsonas
217040908,WSOUNDS |Sertanejo¬≥ ‚ú™
46512734,Gemini
13798011,COLDHART
77024077,WSOUNDS |Sertanejo‚Å¥ ‚ú™
3106398,heeduardoh
24147285,Tarek Fadda
8794623,Sertanejo
74380336,Josh Turner Music
155506010,Cole Swindell
46589851,James Silaen
2998079,Metablocks
149170648,Brett Eldredge
10758136,Zamad Baig Official
125726622,SOUND  SERTANEJO 2016  (Oficial)
3476570,Warner Music Nashville
27888496,matheussantosv
45388611,GrizzG
240629253,Letra Videos
33915322,luizcaroficial
36177359,Blake Shelton
1444181,DJ J-Krisp
108563171,Sertanejo 2
101687771,CARLOS662
108563171,Sertanejo 2
9981727,NB.
11484491,Ardani Ardiyannto
193392528,JMUSIC'S | Sertanejo
83292390,countrycurls
177239128,Diks Subagja
163656612,WSOUNDS |Sertanejo ‚ú™
2068138,Martin Garrix
27111815,ILLENIUM (Official)
31538466,GhostDragon
27111815,ILLENIUM (Official)
18512467,Galantis
30005263,TAYLOR GIRLZ
12973937,Bloss House
689147,2-Dutch
65399283,zizo_Oo
24969134,Louis The Child
175766,Spinnin' Records
253131106,SLANDER VIP
351064,R3HAB
630356,W&W
146393,DILLONFRANCIS
110031956,marshmello
18512467,Galantis
351064,R3HAB
788205,KAYTRANADA
44048653,Chill Planet
18512467,Galantis
245065819,Party Pupils
3398477,JAUZ
6344556,TOMSIZE
191383046,Bruno Torres Remixes
160122413,slushii
160122413,slushii
5031548,YOUNG BOMBS
7153863,FALCONS
1642029,The Chainsmokers
18319759,JUNI
134130878,Pluto
140968489,DEFŒõLT
175766,Spinnin' Records
351064,R3HAB
12308645,MELENIUM
39752080,Dennis Kruissen
110031956,marshmello
209837865,Paul Gannon II
160416669,Heldeep Records
41915504,Timothy Rodrigues
351064,R3HAB
4091150,VANIC Official
670089,DJ SNAKE
36551572,San Holo
351064,R3HAB
30049192,Matoma
47584221,SHAUN FRANK
56069064,Justin Caruso
48133897,CleverRaisin
3398477,JAUZ
5031548,YOUNG BOMBS
6112511,BLU J
247021914,Lowly Palace
1642029,The Chainsmokers
168171707,Too Future Mixes
4091150,VANIC Official
175766,Spinnin' Records
14730,Mad Decent
15301962,KAYZO
140493193,ABSENCE
168447739,Franxis
110803581,Jack √ú
6311034,Two Friends.
86612597,ARMNHMR
2114094,Mike Perry Sweden
351064,R3HAB
27111815,ILLENIUM (Official)
3399796,MrSuicideSheep
22487532,Ookay
77696825,Spinnin' Deep
175766,Spinnin' Records
3193275,SUBSURFACE (Bootlegs)
146453708,Crankdat VIP
166394682,NEIKED
41698515,The Him
5636679,Fool's Gold Records
204297345,Good Enuff
70394952,Candy Kwon
64298578,PRO MOTION
62201440,Jax Jones
175766,Spinnin' Records
18693253,Alan Walker
922413,GETTER
27818952,Boombox Cartel
175766,Spinnin' Records
18512467,Galantis
28686620,Hoaprox
204297345,Good Enuff
175766,Spinnin' Records
8418070,miikesnow
3399796,MrSuicideSheep
160122413,slushii
2068138,Martin Garrix
168171707,Too Future Mixes
105292,tommiesunshine
110803581,Jack √ú
1747251,Cash Cash
19018612,Benny Benassi
946418,MorrisCode
1714334,Ayo Jay (Boy Wonder)
196821883,Fire
116273441,PARKING507¬Æ
23234867,DJ Soundbag
118137722,KojoFundsMusic
109618718,EugyOfficial
4090703,DjKurtRiley
3727686,RICKYPLATINUM
234961237,BLUE DRAGONüéµ
69125470,BigTobz
75600100,austifrosty
56591741,WarstarDancehall
966517,Yensuli
7360711,Travis Garland
46094100,Trina
237057834,WBT Empire Music
629126,jamaicandancehall
156062640,Alkaline Music
338543,Mixpak
149083166,JAY SILVA
182081377,DEEJAY UNTOUCHABLE
12148579,Major Lazer [OFFICIAL]
194344880,24hrs
1803989,VP RECORDS
6944625,KraiGGi-BaDRaSTa
338543,Mixpak
168378871,S I C K I C K
128793081,ALEX CEEJAY
17528611,kush_dynastyking
26564782,DancehallOfWar
237057834,WBT Empire Music
3803857,Dj CosS
338543,Mixpak
11362969,SLoWiNe
8146368,Notnice Records
15711515,My widy
80683550,ThyAscension Muzic
14730,Mad Decent
212308877,TRAVIS BROWN
999652,Adde Instrumentals
251089018,TrapNinja
247484682,The Tropixs
65339499,Cairo Palmer
599839,Herobust
25882846,Gino Morano [Official] üêµ
338543,Mixpak
17328740,Arg√ºello
37558647,Dj Kendo
17528611,kush_dynastyking
2274383,Dj Private Ryan
112068557,Muwanguzi Michael
338543,Mixpak
7673719,@JohnnyMillzAip
79254090,lexxredd
237057834,WBT Empire Music
7625683,Jovanni Dawson
33246329,KickRaux üáØüá≤
45748922,DJ Ray Fresh
25626176,Koolkydd Entertainment
119792941,#Dancehall
237057834,WBT Empire Music
71125,21st Hapilos Digital Dist
205163523,likkle keish
15711515,My widy
33246329,KickRaux üáØüá≤
104423637,Smino
233499958,PriinceMuzik
10686092,Solloo
237057834,WBT Empire Music
14539419,‚úîÔ∏èüá¨üáßüå¥Street Vybez Famüå¥üáØüá≤ SVF
79699926,Dancehall Exclusive (RE FOLLOW NOW)
546206,Atlantic Records
15330625,DJ Axx
139790902,Daniel Medina
6944625,KraiGGi-BaDRaSTa
113157411,ExotiCrew
6349040,Bear_Green
249137399,DJ NOIZ 2016
999652,Adde Instrumentals
338543,Mixpak
166909843,DJ ChinwaX üâê
237057834,WBT Empire Music
82223434,MafiaTheViper Ent ‚ô¨‚ô¨‚ô¨‚ô¨‚ô¨
14539419,‚úîÔ∏èüá¨üáßüå¥Street Vybez Famüå¥üáØüá≤ SVF
7515537,YardHypeRadio
8146368,Notnice Records
66400298,MR PATTERN (MUSIC)
174822356,Ian Emmanuel
2910287,Swagga Right Entertainment
6938305,JuniorHype
17528611,kush_dynastyking
1095998,DJMotionNE
11621448,Andre Airplane
166909843,DJ ChinwaX üâê
338543,Mixpak
59535950,dante/apollo
37558647,Dj Kendo
196002046,Dancehall Rave Promo
3094639,NRMG
12531769,Nonestopmusic
77696825,Spinnin' Deep
28070123,Steve Void
57447226,Sam Feldt
161345484,Koni
41698515,The Him
161345484,Koni
131353465,HIGH ON MUSIC
9969027,ADDAL
161345484,Koni
36371410,SNBRN
202729432,CH3VY
32503304,De Hofnar
2737750,Alok
8361462,Nicolas Haelg
15328579,Tom & Collins
64684860,Etiquette Noir
161345484,Koni
283094,Deepend
739873,Alex Cruz
25131723,Vijay and Sofia
38384346,Felix Jaehn
11180360,[ FREE DL ]
11252717,[ FEATURE ]
99433875,Armada Deep
21268086,FlicFlac
101312044,Deep Chills
161345484,Koni
148501881,Tipsy Remixes
108699131,Aux London
9969027,ADDAL
57447226,Sam Feldt
18452988,Descent Into Nice
18322593,Niklas Ibach
21268086,FlicFlac
2768949,EDX
1208640,Mahmut Orhan
4713415,KAV VERHOUZER
28070123,Steve Void
2768949,EDX
28884239,Armada Music
57447226,Sam Feldt
17949540,Miami Beats
12475833,Ahmet Kƒ±lƒ±√ß
17771501,Alex Schulz Official
54506965,Kungs
119298687,EDMLead.com House
313150,EMOTIONAL
57447226,Sam Feldt
66588300,Coby-Joe Mcnamee
18322593,Niklas Ibach
105582166,The Lighthouse
146086114,R3SIZZE DEEP
52153986,Selected.
11252717,[ FEATURE ]
6573365,KarlK
168160673,Selected Tunes
118992136,BakinBakes
32183508,M√ñWE
77696825,Spinnin' Deep
5294273,Maklon
6079739,Speaker of the House
146015853,Aux Deep
66427359,Melodic Sounds
28070123,Steve Void
28070123,Steve Void
226896998,Air de Paris
739873,Alex Cruz
116063963,DeepDeMusique
116063963,DeepDeMusique
99211599,Sevenn
4713415,KAV VERHOUZER
16103679,Kiso Armic
159959441,Sudeep Shakya
185708230,1daytrack.com | Mixtapes
11252717,[ FEATURE ]
136451851,Bare Chill
2768949,EDX
139894577,Amazing Sounds
1279586,The Golden Pony
16103679,Kiso Armic
26257814,A√©rotique
235913944,theartistunion.com
8449408,LarryKoek
258748,[ PROPER PR ]
4360546,Kygo
61387297,NADA
52153986,Selected.
3940904,Pretty Pink
52153986,Selected.
11252717,[ FEATURE ]
29986752,Lost Frequencies
108699131,Aux London
175766,Spinnin' Records
1836689,Midi Culture
170729809,Chill Nation
41698515,The Him
29968445,Armin van Buuren
260041,MTA Records
127662,Gianni Kosta
11252717,[ FEATURE ]
3574420,Oliver Nelson
4780642,KRONO
134472757,Vaughny Vo
161345484,Koni
1096477,Audio Jacker / Discotron
4862932,goshfather
183775989,Shafin Baloch
6202267,Throttle
6202267,Throttle
113498163,Tipsy Records
208966674,DjBlaZeOfficial
206655257,SYLOW MUSIC
30049192,Matoma
194110398,ACOT
189691447,Perfect Havoc Mixtapes
1861575,Liva K
17886776,Naxsy
445063,Thissongissick.com
29277625,LoveStyle Records
173879,Spirit Soul Records
788205,KAYTRANADA
245164128,Discolovers Podcast
8800385,Osmo
3574420,Oliver Nelson
225636391,lamusicnet
97569188,Camino 84
1579950,JONES
233652435,kikok
12475833,Ahmet Kƒ±lƒ±√ß
8565561,Croatia Squad
110786065,platinumdoug
34190261,Route94
46690142,YUNG BAE
3574420,Oliver Nelson
8565561,Croatia Squad
46690142,YUNG BAE
5577224,Ethan Onyx
243834712,musicmixer
173879,Spirit Soul Records
1651087,Bearoid
8478149,mert882
13427333,Aabo
192285893,Syeda Alma Zaidi
63941653,Mokoa
27883158,PAVILLONN
206655257,SYLOW MUSIC
29759329,Secondcity_uk
8553751,Monstercat
40681064,Stevi Stuksis
125674111,MDx Junaid
2302629,The Pool
127233266,Spirit Soul Mixes
206655257,SYLOW MUSIC
39564,Boys Noize
40681064,Stevi Stuksis
8194074,KVSH
127233266,Spirit Soul Mixes
35008789,Zerb
187010527,Iasmin Soares
245330064,DoctorMusic
1081099,Moredan
141721909,Wingtip
35008789,Zerb
3574420,Oliver Nelson
34097522,Oskar Kolasi≈Ñski
6479052,K'nan
258855,XX EDITS
8553751,Monstercat
3919956,YULTRON
3574420,Oliver Nelson
38382601,FIBRE
1081099,Moredan
160364073,cris dinero
193190554,Lost Village Festival
12723013,Laurenson
152042459,Djtito RD
184697490,Adam Hashh
4851683,Moon Boots
260622282,Keljet Tapes
1861575,Liva K
231679860,Br√Ø√§n √Ñnt√∂n√Øo
74118209,Dr Packer
191783188,Midnight Club
41091397,Sam Prock
7961568,Barƒ±≈ü
173879,Spirit Soul Records
195027207,Dj Shaka ‚ú™
125674111,MDx Junaid
62153040,Amherst
1081099,Moredan
237833849,Good Plus
735621,Flight Facilities
2203437,silvanemesis
139021579,Max Creme del Creme
8565561,Croatia Squad
18554789,[CLEAR MIX]
252567253,bajwa1993
41522860,DUBDOGZ
75515156,Kid Luci
183584,Sharam Jey
22061585,*PACMAN*AKA*PAC*
28034,DJ Phantasy
1030240,K+Lab
174756057,Nela üôà
16069159,NCS
8553751,Monstercat
16069159,NCS
262372,Stickybuds~
29694103,Mashd N Kutcher
16069159,NCS
8553751,Monstercat
1451076,1991
14810,Aud!o DNB
415957,Macky Gee
5993221,LUCKI
415957,Macky Gee
12104873,DrumNBass
714458,Dimension
16069159,NCS
8553751,Monstercat
233917149,Satsujin
268013,Heist
415957,Macky Gee
415957,Macky Gee
27796673,INVISIBLE
415957,Macky Gee
39346322,Heroic.
415957,Macky Gee
415957,Macky Gee
16069159,NCS
1563075,3BEAT
200416485,Noisia Radio
2943614,Loadstar
200416485,Noisia Radio
8553751,Monstercat
516515,Agressor Bunx
40041272,Dazzle and Spank Studio's
415957,Macky Gee
440871,Shogun Audio
42447,Rene LaVice
65147,DELTŒî HEŒîVY
4521252,EATBRAIN
11559731,sunandbass
252623270,Mohican Sun
9182190,Drum&BassArena
27796673,INVISIBLE
39006678,BlackoutMusicNL
252623270,Mohican Sun
11200454,SNELY (OFFICIAL)
53864020,KANINE
184528224,Vibe Central Recordings
27796673,INVISIBLE
116681,NOISIA
1207292,Virtual Riot
415957,Macky Gee
16069159,NCS
440871,Shogun Audio
1076327,TechniqueRecordings
3631627,Droideka
10579472,Olivia Escuyos
109925106,R√°dioCosta√©Gold¬Æ
843252,Culture Shock
16069159,NCS
415957,Macky Gee
462976,Erb N Dub
8553751,Monstercat
8553751,Monstercat
1146345,Metrik
232792434,SaSaSaS
415653,UKF
1279130,DJ Premium
415653,UKF
16069159,NCS
232792434,SaSaSaS
39006678,BlackoutMusicNL
659761,Seven Lions
3446998,ANDY C ram
268013,Heist
4521252,EATBRAIN
251910691,Jun Kuroda_bootleg
42447,Rene LaVice
415957,Macky Gee
1146345,Metrik
200416485,Noisia Radio
11439075,DJFreshUK
8553751,Monstercat
250450,Turno
81417236,Jump Up Skank
77744579,Othercide Records
5192746,Scay
5761519,Matrix & Futurebound
441026,DJ Looney
415957,Macky Gee
19179,Playaz
58764,Photon snake
8553751,Monstercat
2931170,DJ GUV (OFFICIAL)
415653,UKF
440871,Shogun Audio
300460,NeurofunkGrid
856062,Skrillex
4800,Flux Pavilion
62100,Excision
62100,Excision
856062,Skrillex
40351122,Disciple ‚ôõ ‚ôú ‚ôû
5788538,Pegboard Nerds
8553751,Monstercat
856062,Skrillex
16479041,SNAILS
2431310,Adventure Club
856062,Skrillex
87867,Bare Noize
54577794,All Good Records
856062,Skrillex
856062,Skrillex
74269969,thedopestdrops
856062,Skrillex
2323997,Zomboy
16069159,NCS
3576993,Insomniac Events
63493914,EDM.com
3158948,Dubstep
60663,Borgore
16069159,NCS
2323997,Zomboy
101993857,Pantheon
8553751,Monstercat
8553751,Monstercat
856062,Skrillex
1540163,Different Heaven
1919643,WIWEK
101993857,Pantheon
156859,The Frim
27111815,ILLENIUM (Official)
1207292,Virtual Riot
2431310,Adventure Club
5120454,Longarms.
305413,Zeds Dead
856062,Skrillex
856062,Skrillex
3797388,DotEXE
3992793,Synchronice
202908378,Y≈åKAII
4501444,Circus Records Official
856062,Skrillex
1381883,MANTIS Music
2566439,jPhelpz
265325,Kill The Noise
48666393,B-Benil
176150,‡ºÑ Tha Trickaz ‚òÅ
62100,Excision
101993857,Pantheon
95134076,Shadow Phoenix
2323997,Zomboy
2511775,DISSOLVES
18217449,Firepower Records
197768664,SHVRDZ
3399796,MrSuicideSheep
1599101,KDrew
922413,GETTER
6132947,Standard&Push
1919643,WIWEK
2323997,Zomboy
27111815,ILLENIUM (Official)
1412407,SKisM
5880741,Xan Griffin
35945,Figure
16830104,Dubstep Deejay
8553751,Monstercat
7948754,blacknoobie22
40351414,Buygore
16069159,NCS
342728,Habstrakt
62100,Excision
856062,Skrillex
171642704,Neko Wannabi
856062,Skrillex
2068517,SPAG HEDDY
364118,CookieMonstatc
40351122,Disciple ‚ôõ ‚ôú ‚ôû
124036205,Never Say Die Black Label
8553751,Monstercat
856062,Skrillex
35945,Figure
147853091,PRIMAL RECORDS
856062,Skrillex
40351414,Buygore
856062,Skrillex
4800,Flux Pavilion
2068517,SPAG HEDDY
856062,Skrillex
2492807,DubstepGutter
2431310,Adventure Club
2323997,Zomboy
16069159,NCS
18217449,Firepower Records
36596204,PHLUX
18973395,Arkay
62100,Excision
110031956,marshmello
659761,Seven Lions
12148579,Major Lazer [OFFICIAL]
8553751,Monstercat
90149759,Lost Kings
2976616,Flume
2976616,Flume
75297153,HOTEL GARUDA
192905967,XO Collective
3436341,CASHMERE CAT
1573380,Big Gigantic
179726140,Jupe VIP
106731987,Naderi
110031956,marshmello
22487532,Ookay
17467375,LIL JON
27059681,Mura Masa
16509370,PETIT BISCUIT
128082007,Foreign Family Collective
16095064,Far East Movement
38749873,Mickey Valen
11797934,OWSLA
4360546,Kygo
49494547,Aux Paris
146393,DILLONFRANCIS
22025100,ARYAY
11797934,OWSLA
40351414,Buygore
305413,Zeds Dead
10920564,Stephen
192905967,XO Collective
1168435,Clean Bandit
3392465,Aero Chord
83852890,WRLD
33525051,Alina Baraz
11908863,Kasbo
1541843,Goldroom
12148579,Major Lazer [OFFICIAL]
64684860,Etiquette Noir
16059310,Lane 8
421873,M83
8553751,Monstercat
15131532,Undiscovered Sounds
1250904,Porter Robinson
3514469,RL Grime
24800225,LINDI
305413,Zeds Dead
24969134,Louis The Child
18604897,ODESZA
3515905,Rain Man
831847,Brodinski
198395032,SHIROTH
19652806,TastyTreat
2068138,Martin Garrix
128082007,Foreign Family Collective
375,future classic
24969134,Louis The Child
44124801,Icarus
110031956,marshmello
49494547,Aux Paris
108856420,Whethan
58879381,Gryffin Official
4091150,VANIC Official
108856420,Whethan
255948,SWEATER BEATS
153420123,Ellusive
1326413,Lemaitre
6289,The Glitch Mob
4360546,Kygo
175766,Spinnin' Records
63493914,EDM.com
16069159,NCS
166245493,Spin The Sound
120480729,Shoolz
232752420,No Fundo Da Caixa
44524142,AronChupa
56069064,Justin Caruso
110021,GRiZ
4091150,VANIC Official
18604897,ODESZA
64684860,Etiquette Noir
23207907,Tarro
18604897,ODESZA
8553751,Monstercat
14449884,Win and Woo
146393,DILLONFRANCIS
160122413,slushii
13250284,Melvv
305413,Zeds Dead
108856420,Whethan
105504173,HEXAGON
77696825,Spinnin' Deep
59843610,Rando
23207907,Tarro
488287,Galimatias
1426742,Axel Thesleff
5762213,DEVAULT
16069159,NCS
4360546,Kygo
8553751,Monstercat
510022,Couch King Presents
250668,Nettwerk Music Group
4371266,EDEN
4371266,EDEN
4371266,EDEN
104500660,CokeStudio
4371266,EDEN
24456122,rachie Íí∞‚ú©‚Äôœâ`‡´¢‚ú©Íí±
250668,Nettwerk Music Group
104500660,CokeStudio
95824500,Oh Wonder
114951235,Jasmin M.
22556605,Tom Odell
64440248,SoULuvMuziq
250668,Nettwerk Music Group
34609185,James TW
1570159,LykkeLi
95824500,Oh Wonder
37223,Stayloose
13375684,gnash
6645344,FLOAT
95982,Ninja Tune
12068953,Mademoiselle
1275334,Andrew Belle
152468368,Wai Lana Music
4371266,EDEN
8735675,Omuniuum
21546604,rcbuenaventura
17537308,Zella Day
3200603,FOLK SOUNDZ
188677615,Sama Hassan
6645344,FLOAT
104332242,Wild Christopher !
41632818,Cobi
250668,Nettwerk Music Group
152468368,Wai Lana Music
46982584,Khumariyaan (Official)
3329535,DJ Monte-S
132874594,ShavOfficial Music
21282400,Quentin__Miller
199897,Passenger
166462326,rachellemaust
166120566,The Gentle Fox
23620049,CielNgnn
505425,Vagrant Records
58359890,nugahichiro
31146219,Audio Vacation
38183239,Lullaby Babies
5529766,Ady Suleiman
98422440,Amin Fahad Ali
24888042,AndrewMcMahon
21533753,Groundbreaking
114951235,Jasmin M.
421615,Tom Rosenthal
68404532,Jasmine Sandlas
2835531,RadioMem
212046912,Ruth B
206883617,WILDES
1179077,INgroovesmarketing
4768787,monkey mind
1871187,RedHead Road
527845,Sub Pop
149502656,mixail
172873,Mr. Bill
96543367,Samuel Proffitt
12068953,Mademoiselle
69762251,Shazia Bangash
245771770,Khadija Ali
20058458,FaFaNiToM
1398464,Jagjaguwar
3685019,Ed Sheeran
1352492,Record Records
85228192,James Ocean
12075931,sharjeelmadxeightx
30030497,RHODES
90211516,Atlas Bound
29182,Mike Posner
28794737,James  Bay
90149759,Lost Kings
23689971,chruglatu
4026303,Hedgardl
5960127,Dj Ubm Singh
117739965,Hollow Coves
1269328,Proper Music Distribution
155437995,yungdesi
3093364,„Ç¥„Éº„Çπ„Éào1
49198527,sexualexis
8664290,Andrew Gavin Williams
31295724,MT Bedair
28794737,James  Bay
7715886,Ay-Jay
202532834,Sallaria
114951235,Jasmin M.
7694202,benrector
97198104,Mohan Lall
6645344,FLOAT
11511654,Terrible Records
34361200,MARC E. BASSY
17537308,Zella Day
4275197,FRANK LEONE
20665501,youngma
71223630,21 Savage
4614033,Big Baby D.R.A.M.
71223630,21 Savage
4917203,Amin√©
15017483,Migos
10494998,LIL UZI VERT
107010237,"Lil Yachty, RD, Lil Boat"
65593980,Rob $TONE
40174345,Travis Scott
7436630,Future
10494998,LIL UZI VERT
10494998,LIL UZI VERT
207970092,French Montana
6335911,Nebu Kiniza
43010623,asad
6969243,"""Chance The Rapper"""
72181005,Kodak Black
100910303,Ugly God
179900582,LifeOfDesiigner
45177625,PnB Rock
72181005,Kodak Black
69676909,Rae Sremmurd
10332955,A BOOGIE WIT DA HOODIE
17364301,$UICIDEBOY$
72181005,Kodak Black
35225382,FettyWap1738
10494998,LIL UZI VERT
72181005,Kodak Black
10332955,A BOOGIE WIT DA HOODIE
23393657,Zay Hilfigerr
72181005,Kodak Black
10332955,A BOOGIE WIT DA HOODIE
10332955,A BOOGIE WIT DA HOODIE
10494998,LIL UZI VERT
2422969,psmirf-1
10494998,LIL UZI VERT
228408362,Joey Bada$$
28970722,ToryLanez
11877500,Young Thug
107010237,"Lil Yachty, RD, Lil Boat"
72181005,Kodak Black
215662654,sam
200928800,AWGE SHIT
104809795,-|T|RAP-
19252023,Russ
119905839,madeintyo
122760163,YFN LUCCI
165303855,PLYLIST
10494998,LIL UZI VERT
10494998,LIL UZI VERT
10494998,LIL UZI VERT
100910303,Ugly God
40174345,Travis Scott
38863592,Kevin Gates
24807743,Nav
71223630,21 Savage
51460878,Kap G
207969362,YG
10332955,A BOOGIE WIT DA HOODIE
207842091,Dae Dae LoveLife
24807743,Nav
99685284,Post Malone
3197094,brysontiller
10494998,LIL UZI VERT
63065996,üí•MazzaSoundüéµ
7436630,Future
6786989,DMVFollowers
8204545,speakerknockerz
10332955,A BOOGIE WIT DA HOODIE
184461739,Jeffry Lee
181330106,World Star Music
10332955,A BOOGIE WIT DA HOODIE
71223630,21 Savage
229860372,guccimanelaflare
6969243,"""Chance The Rapper"""
65593980,Rob $TONE
4791237,DENZELCURRYPH
103330939,Z-Raww
51562330,Kehlani
71223630,21 Savage
19252023,Russ
6969243,"""Chance The Rapper"""
4371329,EMPIRE
2976616,Flume
7436630,Future
7436630,Future
20352262,playboicarti
71223630,21 Savage
11877500,Young Thug
100910303,Ugly God
13375684,gnash
231274602,Boombox
189230022,Hits On Fleek
10494998,LIL UZI VERT
11877500,Young Thug
66194869,GottiBenz
158688609,Famous Dex
71223630,21 Savage
956458,Dj Carnage
31037,Don Diablo
16069159,NCS
208934,Calvin Harris
1870474,Michael Calfan
54506965,Kungs
118319,Chris Lake
50762861,Deejay Alex Ti√©
16730,Diplo
16200079,Nixxonmusic
2068138,Martin Garrix
146086114,R3SIZZE DEEP
15708649,Vintage Culture
199197,Steve Aoki
167893079,CONFESSION
2928615,GAMPER & DADONI
12073867,Filatov & Karas
16069159,NCS
1316565,The Magician
572691,Sikdope
2709976,Musical Freedom
18693253,Alan Walker
187913335,Jacob Waller Edits
1271874,Kaskade
2709976,Musical Freedom
234332209,Press Play (mixes & bootlegs)
31037,Don Diablo
18604897,ODESZA
2068138,Martin Garrix
1642029,The Chainsmokers
2709976,Musical Freedom
1642029,The Chainsmokers
4091150,VANIC Official
4904351,David Guetta
326153,UltraMusic
40696840,Boehm
4360546,Kygo
22859598,Tim Gunter
2068138,Martin Garrix
97917441,Heldeep Radio
17771501,Alex Schulz Official
2709976,Musical Freedom
23045487,Heyder
351064,R3HAB
640518,TOM ZANETTI & K.O KANE
7293319,Robin Schulz
208934,Calvin Harris
16730,Diplo
296190,HARDWELL
4152527,DVBBS
15708649,Vintage Culture
1642029,The Chainsmokers
31037,Don Diablo
109859243,Echelon
244020583,NRW1
80800871,Endor
724640,Revealed Recordings
1642029,The Chainsmokers
8553751,Monstercat
274197,dimitrivegasandlikemike
1377480,Candyland
134507405,Music Hub Future
141707,Ti√´sto
46498849,Albin Skoog
88292124,David Zowie (DZ)
141707,Ti√´sto
107930687,LYD
8553751,Monstercat
244135282,Fumaratto Ferroso III
54464,dannydove
25266855,Kayliox
141189680,Treasured Tape
6161527,SCNDL
53811920,filous
7293319,Robin Schulz
16069159,NCS
228708020,Kexwell
37615690,Mulshine
144254278,MALAA
4360546,Kygo
209834839,AaronDickson
34994724,~ Tchami ~
110031956,marshmello
126926631,Angus Brunsdon
445063,Thissongissick.com
82787015,Future House Music
5614319,House
1870474,Michael Calfan
26533367,MKJ
105504173,HEXAGON
242518537,DJ DASTEN NEW
9511797,Shadow Child
4780642,KRONO
180178687,Jamie Milne
175766,Spinnin' Records
2709976,Musical Freedom
2348275,Lucas & Steve
243611380,TrashDog Archive
1887081,3LAU
956458,Dj Carnage
188840331,Craig Bell ‚ôõ
158688609,Famous Dex
10731939,Jerry Folk
8553751,Monstercat
20085067,Joe Mason
29986752,Lost Frequencies
12890152,Taylor Bennett
149532453,Ella Vos
3080174,Gazzo
22586407,Topaz Jones
43467856,Ben Phipps üêò
158688609,Famous Dex
29986752,Lost Frequencies
29986752,Lost Frequencies
11787993,Qasim Sultan
158688609,Famous Dex
209865882,√Ä La Mer
3402022,Unday Records
100386548,Rag'N'Bone Man
3399796,MrSuicideSheep
41200197,Jenn-n
4371266,EDEN
1377057,Interscope Records
17485196,Upcast Music
247021914,Lowly Palace
212254225,Ruby Empress
163948119,DAFRICAN
26417430,GiorgioMoroder
163948119,DAFRICAN
3399796,MrSuicideSheep
2198674,Parra for Cuva
1352492,Record Records
87105617,Billie Eilish
191900612,Two Feet
3528180,Crywolf
3399796,MrSuicideSheep
158688609,Famous Dex
95824500,Oh Wonder
1326413,Lemaitre
7960866,Steve James
21801609,BAYNK
1326413,Lemaitre
178669195,Codex
9129763,capturedtracks
7745782,King Deco
58879381,Gryffin Official
87105617,Billie Eilish
158688609,Famous Dex
3080174,Gazzo
214844230,PHIL GOOD
156555160,Coast Modern
42640307,Danelle
58879381,Gryffin Official
20174617,Clones of Clones
4514182,Atlas Genius
4630354,T·¥Ä è ü·¥è Ä W…™s·¥á
66077808,Prelow
453273,Wichita Recordings
1431736,R√úF√úS / R√úF√úS DU SOL
70692,RAC
14067279,Edward Sharpe Mag Zeros
1264193,Sureshaker Music
40682632,Ikhsan Agung
1377057,Interscope Records
10398086,T√ºlpa
17144173,F A Y D E
44642166,Chris Pendergraft
22144015,instupendo
35484758,jeremy zucker
1141873,Labelgum
41827465,Fourtwnty
70692,RAC
3399796,MrSuicideSheep
20085067,Joe Mason
8553751,Monstercat
5803529,Grizzly Bear
234881869,"dream, ivory"
1637101,Sleeping At Last
90211516,Atlas Bound
163948119,DAFRICAN
75916890,Infinit
158688609,Famous Dex
8553751,Monstercat
20174617,Clones of Clones
137833642,No Vacation
16646967,Cloud Nothings
29986752,Lost Frequencies
212254225,Ruby Empress
1377057,Interscope Records
35484758,jeremy zucker
29986752,Lost Frequencies
58879381,Gryffin Official
35484758,jeremy zucker
52116743,ECHOS
39409834,Molly Moore
55931196,VARSITY
5667339,Moses Sumney
1431736,R√úF√úS / R√úF√úS DU SOL
29986752,Lost Frequencies
12253060,ELOHIM
32384709,drumaq
191900612,Two Feet
37415962,Raury
191900612,Two Feet
47050171,awetinoo
25449531,Jacarand√°
2818752,Miri Meri
2713187,Elijah Fox
788205,KAYTRANADA
16083577,FloFilz
13977783,KA-YU
31544603,DJMacinni
23326014,Andrie-Newbies
247332305,HearAndLikeIt Universe
4782679,PhizzyPhizzy
191900612,Two Feet
788205,KAYTRANADA
32065406,Kyle Ting
157887361,Omar Virage Sud
11821353,yael wolfenson
20472303,Michael Seyer
4345199,DAVE B
95982,Ninja Tune
82239102,Gilles Peterson Worldwide
24139716,ItsRaVaughn
20409861,Tessatioarina
12747727,ElliIngram
6784653,Edo Lee
26648085,Bruno Takano
32189256,Reyna Biddy
16730,Diplo
64895198,Alex
38160405,Aloysius Chay
25524560,edubravogo
64151841,ST4RBUCK
62777521,Islam Ramadan8
29407035,Andry Setiawan 1
40881430,Alisha Icha
2643202,Maxxie1129
47685914,Miranda Foxx
14610098,M√£ozinha
99887750,PuppyRelp
80660329,Poyo Spirit
52269837,tamarosianipar
49001645,Yuly Carranza
28498658,Shima Shima Shima
108563171,Sertanejo 2
30933767,feelelneel
26760366,Isabel Vianna Fotografias
108349396,Musigen
3040617,Rodriguinho
28416621,Stay See
5367367,Jazz Cartier
11284014,BADBADNOTGOOD
13798011,COLDHART
25811500,Itamar Junior (Ita)
2831272,monsoonika
4243100,shashierzsong
151471482,FacialWeight
11351957,Danz Cheng Shih Ee
115607776,Planet Giza
542134,dubmatix
14123935,Mukunda M'Tandari
34242712,Ereny Youssef
13299191,iMcke
167544294,Black StarZ
199943,Bubblefunk | DJ
3040617,Rodriguinho
870943,Inner Ocean Records
47252672,resti yustika
22335016,Alikaislamadina
35711758,thatswingsinginthing
67640510,Hanan Gobran
32137746,gafirzl
23509427,JWilborn
18594680,saib.
752705,BOILER ROOM
2361289,asgushi
207964087,Wayne Shorter
2019686,Tom Misch
20645364,DaMindTraveler
45028036,Sapphire_MJW
20484400,hezkiadi
40098749,Youssef Aliii
537144,Caribou.
8152540,taroskanyan
13188412,Titouan Harel
25958183,Castelluzzo
2281521,OUSKŒõ
21913805,trapdoor
570385,BRAINFEEDER
3022948,K-391
1918355,angelocarmella
23706060,TCM Underground Official
3990522,MadeleinePeyroux
83237258,Sixtorein
584898,Sammy Bananas
73692689,Lika Jaliashvili
19642696,Faviola Aguilar 1
91915011,Angelina (10)
27059681,Mura Masa
96398800,Rapet√≥n Music
84712060,Farruko
191231654,Ozuna
96398800,Rapet√≥n Music
143317304,The Punchline
96398800,Rapet√≥n Music
53090065,Nelaion Music
96398800,Rapet√≥n Music
98183892,Mike Towers Oficial
96398800,Rapet√≥n Music
187459769,LaFirmaGroup
96398800,Rapet√≥n Music
55951953,RD Urbans Music
67742760,Virus Urbano
96398800,Rapet√≥n Music
96398800,Rapet√≥n Music
101798229,Anuel_AA
96398800,Rapet√≥n Music
96398800,Rapet√≥n Music
142747987,BryantMyers
152224712,Almighty
19332816,Justin Quiles
96398800,Rapet√≥n Music
55951953,RD Urbans Music
96398800,Rapet√≥n Music
44333074,YanyoTSP
96398800,Rapet√≥n Music
96398800,Rapet√≥n Music
105475209,BGTON
96398800,Rapet√≥n Music
55951953,RD Urbans Music
96398800,Rapet√≥n Music
96398800,Rapet√≥n Music
237992818,Me√±omixüé∂üéßüéöüéº
96398800,Rapet√≥n Music
96398800,Rapet√≥n Music
96398800,Rapet√≥n Music
163656612,WSOUNDS |Sertanejo ‚ú™
55951953,RD Urbans Music
21470906,‚ô¨Hugo Sax‚ô´
96398800,Rapet√≥n Music
194904259,Boobie Tanga TV
88635577,SinaloaEnfermo
231871,djlobo
3289377,Mahritsza
96398800,Rapet√≥n Music
55951953,RD Urbans Music
80570278,Heber Salvador
44577526,LatinosPauta
98261055,china_garcia21
38828962,ILOVECORRI2s
120340959,GeneroUrbano.com
109807731,EMPIRE Latino
96398800,Rapet√≥n Music
96398800,Rapet√≥n Music
67742760,Virus Urbano
55951953,RD Urbans Music
49968571,Jory Boy
38828962,ILOVECORRI2s
33754216,Elaguileraa
96398800,Rapet√≥n Music
96398800,Rapet√≥n Music
60008690,BachataRomantic
96398800,Rapet√≥n Music
96398800,Rapet√≥n Music
34811991,De La Ghetto
96398800,Rapet√≥n Music
96398800,Rapet√≥n Music
96398800,Rapet√≥n Music
202756229,Anthony Galarza
55951953,RD Urbans Music
33754216,Elaguileraa
19332816,Justin Quiles
101598518,I Love CorridoS
96398800,Rapet√≥n Music
56050848,Dominican Power
18713733,Mz.Riveraa
96398800,Rapet√≥n Music
84712060,Farruko
21846667,‚ô´PumitaRecords‚ô´
208763313,XD Urbans Music
3289377,Mahritsza
224494698,Chris W√°ndell
91090057,djchorlo
152224712,Almighty
36689002,Christophehr
16147777,La Oreja Media Group
96398800,Rapet√≥n Music
193871404,M.Nunes ‚úå
96398800,Rapet√≥n Music
78352139,CRIJEOL SOUND
6448536,Jesus Aguero
181937939,"Yo Yais Music, LLC"
96398800,Rapet√≥n Music
52537788,osmar bautista 1
36689002,Christophehr
19332816,Justin Quiles
96398800,Rapet√≥n Music
6272458,Mz.Riveraa‚ô•
36689002,Christophehr
13280596,Pouya .
6610545,Roadrunner USA
1452947,Disturbed1
56705121,Metallica
146933080,Slipknot
46307935,Jhon Agudelo 1
57574906,Numiz
11182685,erdemaktas
146933080,Slipknot
174587980,Sweet Martinez
41213414,Alfredo Guzman Navarro
1546189,Roadrunner Records
56705121,Metallica
3491352,SBG Movement 2011
141253,edstarns
56705121,Metallica
30199925,Kcover
13998910,Melisa Soledad Diaz
174587980,Sweet Martinez
77713931,Mahdokht Az
1452947,Disturbed1
1247579,Red Bull Records
146933080,Slipknot
28937027,Jevouscha
6610545,Roadrunner USA
4684556,Wilding Studios
58549945,Kahfiaz
11853009,Yehoon Seong
64980652,Piemaster0117
56705121,Metallica
165178568,Soul_eaters
111505959,Lola Saeed
6610545,Roadrunner USA
886319,tylerbarnet99
1072199,FearlessRecords
8662580,Mopson
22530001,Zchted
19218193,xxd4rkhorizonxx
59406863,aquasproductions
504152,s4lvation
1302868,NuclearBlastRecords
56705121,Metallica
36799982,Metal Head0
42774773,liigad
6610545,Roadrunner USA
6229198,Ugyen
1302868,NuclearBlastRecords
56705121,Metallica
105399968,Angelina
36799982,Metal Head0
44967609,Sumerian Records
10765402,BlackVeilBride
57574906,Numiz
40295571,G&G ENTERTAINMENT
11739357,Nuvija
922374,Epitaph Records
124644136,Alex Arbo
45537254,J-P Moreau
30552801,Moonlighteas2
13000822,bzkt.
1247579,Red Bull Records
1247579,Red Bull Records
105904656,thepitho
20648528,Mashreef Ahamed
27611327,Tarek Probst
5870503,SomethinWild
52835966,Matheus Albuquerque \m/
88595866,Sohaib.Hassan
34731496,devicetheband
27931823,Suddenkurt
45092759,SlimShady0159
1681027,Metal Blade Records
1247579,Red Bull Records
57882051,OG C0MpL3X
146949386,Pantera
14944248,frankolic
165978,KRADDY
45996348,John Michael Manlupig
6610545,Roadrunner USA
2616846,Little V Mills
1072199,FearlessRecords
1795784,All That Remains
6610545,Roadrunner USA
224054258,spook9988iii
4158826,DjKenn AllOrNothing
146933080,Slipknot
105399968,Angelina
18687104,Hiatus Records
180303421,i uplod nice sogns
27873637,VitorMarks
224054258,spook9988iii
6610545,Roadrunner USA
65272465,Beast of the Last Days
183460,Visible Noise
19227754,Non Erribundi
15986000,Ollie Ashton
25720211,Charlie Munro Mixes
174587980,Sweet Martinez
44233349,DavidLeshawnDavis
1546189,Roadrunner Records
4360546,Kygo
208875365,Gab Ltn
4360546,Kygo
12039563,Samantha Harvey
6455125,Tylerinacoma
20448965,Awful Piano Sound
85753314,STEVEN UNIVERSE
4360546,Kygo
33714680,Alexi Blue
4360546,Kygo
5458273,starwarspunk
5548711,Maxence Cyrin
39200503,-Sanawerali-
55230661,REYNAH : part 3
3399796,MrSuicideSheep
78743643,Black Stoner 2
24835876,djsmell1
60245995,D.J. KAROUH
42095653,Noha Moheb
62194252,Maung Thuu
1781294,myuu
42095653,Noha Moheb
187071542,H.M.Q Bigroom
25020107,motti
12039563,Samantha Harvey
1562496,reminiscience
1562496,reminiscience
7978487,CBMN
156095094,Sami Lindsay
65315492,ORIENSI
37660242,Pixeladed Le
9465468,Freemondo
3817541,Late Night Tales
42691969,aouysdgfahsbdfiwegdfsesuf
23706060,TCM Underground Official
6907074,≈ûurubika Su
238367,Tom Cosaert
25778428,StarJ
59013724,EricaH.
50856768,KarthikKrishTunes
43763978,LaVender..
17692853,Ahmed Gado
11671290,Soft Piano Music - Relax
3399796,MrSuicideSheep
12039563,Samantha Harvey
11624200,Jurrivh
1582268,calcatelli
9160072,Steven Gutheinz
102435699,bitbird
20908063,Ashestoashesjc
11671290,Soft Piano Music - Relax
3860526,Jeff Van Houten
134011041,Smyang
10573924,Exist Strategy
18691658,MYRNE
54960232,Nacho Sistal Composer
27678135,Bader Al-mansour
186881740,FreshUkMusic
1138299,sainad
7567466,Yousra Hesham
190223554,Beulah Mae Boys
134011041,Smyang
2126395,Omer Nadeem
26256722,Trisha Nicole Zara
371891,similarobjects
10318569,Thanh Hoang Nguyen
2772749,Olafur Arnalds
21937391,Sharie Ingente
187498761,SeeThrough
17654530,Katherine Cordova
74622056,Dirk Maassen Official
80656044,Lillithe
61371066,Dope ‚ô´
17654530,Katherine Cordova
239453600,a L y S a
3800744,Nickusha
17332545,Analogue Dear
66673328,Phoenify
134011041,Smyang
1772192,Jweihaas
7690050,Fuat Alkan
35802527,Modiwo
8288651,Lil'Nata OffiShal
42095653,Noha Moheb
40190992,Julien Marchal
12914632,Harold van Lennep
9102540,KevinTuiteMusic
137282844,Alessio Cappello composer
61477273,Kobi Swissa
190222060,Landon Lewis
13798011,COLDHART
202448540,Jazzy's Repost
39086244,Noury .  ö…û.
97649262,princess
147214857,naruto2413
10573924,Exist Strategy
95562430,J‚Ç≥CK FR√òST
12039563,Samantha Harvey
134011041,Smyang
11671290,Soft Piano Music - Relax
1358400,johnlegend
5798207,Ariana Grande
155558998,kiiara
102146930,Jaz ‚ôõ
3789802,SiaMusic
33931233,conorMaynard
6123534,Anne-Marie
52719497,FRENSHIP
28350945,IAmJoJo
224652905,EXPENSIVE SOUNDS
11180955,Chris_Brown
2976616,Flume
44817748,Grace Davies
4091150,VANIC Official
194008177,YOUNG STORIA
36922176,JonBellion
104162859,Angelina (16)
90149759,Lost Kings
3396877,Charlie Puth
18498313,Khamari
34361200,MARC E. BASSY
112774550,‚úåÔ∏è‚ù§Ô∏èLiyahAlsina‚úåÔ∏è‚ù§Ô∏è
231339595,DylanLeaks
21305,The FADER
109192215,Roos Wentink
6681596,hundred waters
165251786,Rhea Chawla
137323027,flybymidnight
54844792,Calum Scott Music
172496773,Maggie Lindemann
18498313,Khamari
42993000,Miley Cyrus
20172471,LeagueofLegends
151933704,Alessia Cara
187452866,nexxthursday
24969134,Louis The Child
1078461,octobersveryown
213836841,Naufalreyhanm
35724639,Justin Bieber
3851147,SAM SMITH
32871583,Vance  Joy
129282597,Lianna
18498313,Khamari
3662826,Dawin
3396877,Charlie Puth
12148579,Major Lazer [OFFICIAL]
50698732,‚òæ Kiana ‚òΩ
127225153,Lukas Graham
48169190,Majid Jordan
113416363,Angelina (23)
4371266,EDEN
243393651,Taher Ashur
4360546,Kygo
28794737,James  Bay
21052675,Melanie Martinez
18498313,Khamari
148904739,Docian_
34296631,JP Cooper
192088095,garoteirosdesp
63953074,JonahBaker
172420066,real__pcy
99139367,itsmarkjohns
346363,Virtu
123034851,Yevhenia Kushnir
14090772,RepublicRecords
225754595,Miss Maleya
37189281,AnthMelo
104500660,CokeStudio
168787772,SONDAR
201130299,Adriana Pinnock
257446560,Mandeep Singh
6972328,Ramy Essam
120422010,Workshow C. Artisticos
12148579,Major Lazer [OFFICIAL]
159626886,radioopenbaroficial
127225153,Lukas Graham
19231063,XUITCASECITY
207857249,WSOUNDS| Matheus e Kauan
16694369,Zack-Beat
227877653,Young Sufii
111917637,Fares salama
2976616,Flume
880400,hyojungkim93
151494867,L√âON
221519429,DNCE
224396592,Zeyano
119752111,Tony Armenta
209092580,Melrose
120618222,XYL√ò
8794623,Sertanejo
173805146,Sean Paul
25397928,Ne-Yo
193121984,Ivan Arriaga
924883,amreyesch
75188565,Jamie Mazzuca
69224503,Farca≈ü Denisa
351064,R3HAB
25759651,Flean D'adrean
126350865,joji
22816950,praddy
3197094,brysontiller
28970722,ToryLanez
131405243,Sydney Renae
131405243,Sydney Renae
25219981,partyomo
25219981,partyomo
51562330,Kehlani
2623962,Vedo TheSinger
34738457,Ty Dolla $ign
174174555,Delirious R&b
224909370,Lloyd Music
28970722,ToryLanez
66471268,Tink_G
99685284,Post Malone
102764618,DJ KEYZZ
61537325,DETONA FUNK
9011647,blackbear
253431284,H.E.R.
154321725,dvsn
61537325,DETONA FUNK
34738457,Ty Dolla $ign
3274725,The Weeknd
25219981,partyomo
177989887,Khalid
253431284,H.E.R.
51562330,Kehlani
66471268,Tink_G
25219981,partyomo
150290635,GR6 EXPLODE
35810257,6LACK
24087136,Morless' Qwamainee
7769478,Toni Romiti
10332955,A BOOGIE WIT DA HOODIE
25219981,partyomo
131405243,Sydney Renae
25219981,partyomo
3197094,brysontiller
193762197,Trap Network
142791443,Sevyn Streeter
150290635,GR6 EXPLODE
150290635,GR6 EXPLODE
14627508,OfficialJeremih
1377057,Interscope Records
13935401,XEGA
7458854,Jacquees
50758369,treysongz
150290635,GR6 EXPLODE
131405243,Sydney Renae
93701216,RNB FANATIC
13416759,KEKE PALMER
28829151,MusiQuality
170925395,Summerella
80796374,Gemaine
61537325,DETONA FUNK
230124351,iiDemarcoii
150290635,GR6 EXPLODE
57031159,AOMGOFFICIAL
150290635,GR6 EXPLODE
25219981,partyomo
51562330,Kehlani
61537325,DETONA FUNK
35810257,6LACK
195686565,Z3 ¬≠¬≠
88466712,Austinleal
42566810,Cnvct Snm
150290635,GR6 EXPLODE
74403461,Gawddess.
61537325,DETONA FUNK
176324613,Trapsoul Album
150290635,GR6 EXPLODE
234527405,The Daily Dose
4409909,AugustAlsina
61537325,DETONA FUNK
51562330,Kehlani
131405243,Sydney Renae
109889138,Arthur Da Zs
150290635,GR6 EXPLODE
193077584,WSOUNDS |Sertanejo¬≤ ‚ú™
61537325,DETONA FUNK
150290635,GR6 EXPLODE
150290635,GR6 EXPLODE
128555480,Short-Star
61594988,Roy√°l X
25219981,partyomo
51562330,Kehlani
150290635,GR6 EXPLODE
34738457,Ty Dolla $ign
61537325,DETONA FUNK
9011647,blackbear
180339208,Mila J
51562330,Kehlani
247073,MIKE CLASSIC
200054027,Drake - 4PM In Calabasas
11180955,Chris_Brown
25219981,partyomo
25219981,partyomo
117105,Treacherous C.O.B
150290635,GR6 EXPLODE
28970722,ToryLanez
82083076,Dreezy
5472058,WattyJay
5375990,zojakworldwide
43867607,kraniumreggae
111840476,Mr ‚ô´ MeGoMix
18192384,skanpgm
17365207,Yara Y. Ahmed
172531657,dj kevin
1569597,Waldvolk
542134,dubmatix
3507608,clubfungus
4157988,DiRealShaggy
585254,Phase One Network
553069,Edvard.S
11374671,Banda Maneva Reggae
5375990,zojakworldwide
11374671,Banda Maneva Reggae
12148579,Major Lazer [OFFICIAL]
93568327,Dj Rj
1884664,Protoje
4524219,SOJAmusic
5059160,Alireza Dadgar
11374671,Banda Maneva Reggae
235523056,Musical.ly
450214,reggaeville
4524219,SOJAmusic
4524219,SOJAmusic
40874971,Timi
19809591,Pot Smokers
11374671,Banda Maneva Reggae
11374671,Banda Maneva Reggae
1330913,Rebelution
1832062,ISLVND3R
50667414,Latium Entertainment
12148579,Major Lazer [OFFICIAL]
1884664,Protoje
23509065,Martin Ozuna
120112068,La√ú
5375990,zojakworldwide
12148579,Major Lazer [OFFICIAL]
8749000,Natiruts
1938051,Stephen Marley
20518104,Snoop Lion
144200540,IrishandChin
12112548,Rusu Ana
1796801,ATO Records
9558995,BriannaT
307375,ReggaeRoast
52340638,Dj Chris CR
4524219,SOJAmusic
2426044,Goblins from Mars
28270707,Dennis Rosario 1
450214,reggaeville
241099723,Stephaniie Batez
11374671,Banda Maneva Reggae
2792269,JBoogMusic
3002442,George House In
15029775,DJ SWAT Odj
2128143,Stick Figure
5375990,zojakworldwide
95432691,Janru Pozo Ortega
44807198,Double Jay
488422,masterbre
97981939,junaid saleem
6036980,Spades Saratoga
57837784,Leonardo Augusto
1330913,Rebelution
94833463,Full Reggaeton
4820783,Lucas Boldrin Macedo
1330913,Rebelution
1330913,Rebelution
69117513,Maconha Frases
1832062,ISLVND3R
13491546,shameikmoore
5375990,zojakworldwide
5224343,‚úÇ CHOPPA DUNKS
11374671,Banda Maneva Reggae
211806,cosmohenrique
29516510,PopcaanMusic
120469204,Subagan
1580653,Dread Mar I - Oficial
9253888,I am Jah Cure
9166160,Chronixx Music
2281203,DJ Quix
1330913,Rebelution
29220287,Lucas Abreu CRF
7940445,jeffeoliveira
4524219,SOJAmusic
50667414,Latium Entertainment
5308946,ReggaeUp
10081047,djhamed
26830252,Amora Tandara
18901916,Lari Vargas
39772576,Mag ‚Ä¢ No ‚Ä¢ Lia|RMi692
1803989,VP RECORDS
44542364,Justirfan
7154252,Nathan Dushon
2884015,Damian Marley
2128143,Stick Figure
3662067,indieanthony
7479309,Gee $muney
94833463,Full Reggaeton
101798229,Anuel_AA
7814277,Mike Duran
201697215,XcelMusicEntertainment
182692354,DyAze
96398800,Rapet√≥n Music
44703218,KeynerALX.
144468783,Pepe Quintana
191231654,Ozuna
21989510,Marcoss Rottweilas
321366,DJ NELSON MUSIC
76758504,William RP
3511713,Giovanny V
191231654,Ozuna
26912058,DJ Anthony Fabian
116146073,Lary Over
96398800,Rapet√≥n Music
84712060,Farruko
154181977,Espacio Urbano Music
23999329,Kevin Roldan
34811991,De La Ghetto
107325179,Brytiago
321366,DJ NELSON MUSIC
110997988,Ezeta
5864695,Ghislaine
179588244,Anitta
200010580,User 564549918
13280596,Pouya .
23999329,Kevin Roldan
164291323,Reggaeton A Fuego
145092644,Derkor28
3793489,Dj Chynoer
44002365,KORA DJ (GUAYTAMBO DJ)
192521815,LMNDReggaeton
5545580,Cristian Kriz
167417629,Dj Luigi 2016
182692354,DyAze
192521815,LMNDReggaeton
17388984,CarlitosAK47
18086604,DjRoy Produce Solo
23999329,Kevin Roldan
84712060,Farruko
29261359,Unreleased
14914723,Dj Golden Rys
192406447,Javi Cases Editions
7182902,Unreleased Reggaeton
34004812,Antonio John
110997988,Ezeta
164291323,Reggaeton A Fuego
96398800,Rapet√≥n Music
52335632,Lenny Tav√°rez
116146073,Lary Over
169072728,reggaetonfull2016
2274383,Dj Private Ryan
4249306,mariano-pizarro
29261359,Unreleased
19733803,ElGenero.com
252057038,UrbanUnder Music
180091932,@Reggaeton_24.7
7182902,Unreleased Reggaeton
38411569,Santiagopx03
67742760,Virus Urbano
64790082,Deejay Piero
214062301,Bruno Torres Remixes 2
67742760,Virus Urbano
120340959,GeneroUrbano.com
7620893,Farruko Web
72062036,Nicky Jam Music
116146073,Lary Over
12159736,luis maureira
7182902,Unreleased Reggaeton
159080625,Sky Rompiendo
14507855,djferminpr
1213243,Dj-Glow
208461097,Kevin Torres
12806686,Mederos Dise√±or Gr√°fico
4658053,Machel Montano
28289083,Gonzz Music
27459389,Rafik Eddine
164291323,Reggaeton A Fuego
34811991,De La Ghetto
1112693,REGGAETON Movement
190136753,ReggaetonBoyZ
150330557,Bautista Caggiano
137829806,A‚Ä†lan6
13208273,kieff
23999329,Kevin Roldan
180839793,Jay More
183038021,Ramdiel y Kelmo
135851042,Juan
593248,latinmusicsong
253987586,LosDurosTV
213330313,Trap Latin Xclusive
40099052,Cris Rojo
167895757,ALEX EGUI OFFICIAL
144082758,user175018406
14269510,xxblassxx
126196309,Raccoon  Knows
6577936,DJ CHARLEX
23999329,Kevin Roldan
10494998,LIL UZI VERT
3932070,Panic! At The Disco
120468048,jax
16858288,The Score Official
4371266,EDEN
31109873,NightCore
3932070,Panic! At The Disco
63792607,Mac Levine
3932070,Panic! At The Disco
31109873,NightCore
6578000,theneighbourhood
16239438,Ultimate Eagles
217040908,WSOUNDS |Sertanejo¬≥ ‚ú™
3476570,Warner Music Nashville
62165970,rizky.rilos
108577047,King Arthfael
104500660,CokeStudio
37332752,Ulviyya Ali
42297078,Sandy Star Media
44590038,Darnatos :3
2330105,user1512165
108563171,Sertanejo 2
2059935,My Chemical Romance
19703074,arthyum
1957290,RawPowerManagement
1818488,LINKIN_PARK
31109873,NightCore
64853574,Rich√°rd Hanyu
45315622,Dj Soul Shard
31109873,NightCore
163656612,WSOUNDS |Sertanejo ‚ú™
21152034,edelson21
141715876,Imagine Dragons Music
32863274,Cold War Kids
3932070,Panic! At The Disco
19161121,aloosh1999
108767584,Florian.N.
139838847,SongsPk
6610545,Roadrunner USA
1818488,LINKIN_PARK
4138932,benreaves
104500660,CokeStudio
92128059,Villa Baggage
7559526,blink-182
4089319,The Strumbellas
21953544,Rockeritoo
3932070,Panic! At The Disco
546206,Atlantic Records
64853574,Rich√°rd Hanyu
103045916,CHASE ATLANTIC
31109873,NightCore
546206,Atlantic Records
15231948,Frozen-5
2059935,My Chemical Romance
546206,Atlantic Records
7040424,jirosunohara
2160855,DJChanos
2351661,plus one
111657114,Mina Andrawes
921240,Band Of Horses
22028023,Lore Perez 1
31109873,NightCore
3476570,Warner Music Nashville
31109873,NightCore
79271841,hiroshima_13
49812998,Gym Best MusicFor Workout
9129763,capturedtracks
27237413,Faboulous95
4781093,Fueled By Ramen
74648722,friskyxfreak
4781093,Fueled By Ramen
85559749,Collin Southard
61964366,Corey McNulty
5202851,poprockssf
8222713,James Hetfield 2
10388797,Emiliano Nicol√°s
7247570,nick
239750,william rocha
30456526,Abdul Munim Qadri
21060799,SoPagode
25195365,spooky black
16021229,Renato Antony
7247570,nick
207998147,Temple Of The Dog
20699890,Jheyson √ârick
38135586,Ky0umi
163656612,WSOUNDS |Sertanejo ‚ú™
6610545,Roadrunner USA
21613940,YousefHisham
147446,Tantie Meg
114717227,Sushi_Panda.4142
971960,Avenged Sevenfold
148344656,flaviogomes23
1756571,Infectious Music
31803780,Isabel
31109873,NightCore
164253,citticringle
43613938,AllenY≈´jin-ch≈ç
21953544,Rockeritoo
104500660,CokeStudio
104500660,CokeStudio
104500660,CokeStudio
104500660,CokeStudio
178320464,Alex Music Art
546206,Atlantic Records
104500660,CokeStudio
65303942,aivi & surasshu
149071641,angrysausage
104500660,CokeStudio
104500660,CokeStudio
21231801,√êJ ROGERINHO DO QUER√îüíÉüéß
238032754,L2ShareOST7
238032754,L2ShareOST7
104500660,CokeStudio
238032754,L2ShareOST7
65303942,aivi & surasshu
238032754,L2ShareOST7
212003863,mansionz
238032754,L2ShareOST7
249593334,Coke Studio Season 9
65303942,aivi & surasshu
238032754,L2ShareOST7
104500660,CokeStudio
238032754,L2ShareOST7
23706060,TCM Underground Official
238032754,L2ShareOST7
104500660,CokeStudio
34872868,KashifMehmood
149071641,angrysausage
22955632,Tiago Fontes
238032754,L2ShareOST7
65303942,aivi & surasshu
149071641,angrysausage
238032754,L2ShareOST7
105399968,Angelina
257858887,Adrian Younge & Ali Shaheed Muhammad
34614727,ACTION BRONSON
238032754,L2ShareOST7
141204796,Hassan Butt
117061815,ALee Khanzada
149071641,angrysausage
149071641,angrysausage
4530031,Red Phantom
149071641,angrysausage
149071641,angrysausage
721057,Jacques Greene
149071641,angrysausage
238032754,L2ShareOST7
160662666,Panthurr
238032754,L2ShareOST7
9766050,relaxdaily
9766050,relaxdaily
28659662,‚ô™‚ô´ TRAFICO DOS MORROS‚ô™‚ô´
65303942,aivi & surasshu
65303942,aivi & surasshu
149071641,angrysausage
154956568,Rachna Goswami
149071641,angrysausage
149071641,angrysausage
101431959,Mrs Rhymes
137892463,Francieli da Rosa
120103782,Dulcet Refrain
149071641,angrysausage
152892829,DJ Leandro Sales
31101223,Abdulrhman Allam
104500660,CokeStudio
22955632,Tiago Fontes
3507608,clubfungus
104500660,CokeStudio
427999,Joakim Karud
149071641,angrysausage
427999,Joakim Karud
149071641,angrysausage
104500660,CokeStudio
30611488,Geoffrey Simeona
10727952,OSTsbin
140941125,Daniel Caon
104500660,CokeStudio
149071641,angrysausage
6385522,Giorgio Iannelli
41091397,Sam Prock
65303942,aivi & surasshu
65303942,aivi & surasshu
149071641,angrysausage
20742245,DJ LC do Martins
421873,M83
255863350,Funk Brasil Oficial
30074727,ArceusGP
254325033,K2N ‚ô• K-Pop 35th
79188531,theluckycharm
200544191,iKOFF_
21231801,√êJ ROGERINHO DO QUER√îüíÉüéß
22490669,dyalla
23642442,‚û• DJ LUCAS DO TAQUARIL #22MUSIC
149071641,angrysausage
204710038,Nehal Khan
149071641,angrysausage
20253011,The Most Epic Music
149071641,angrysausage
238032754,L2ShareOST7
752705,BOILER ROOM
39647654,DOORN Records
18547488,Dj Murilo Mesquita
49938,Gustavo Mota
28884239,Armada Music
86167113,Oliver Winters
6693932,reino5o
203,adambeyer
98866995,MarcusMullennn
4274432,Droplex
198443,Joris Voorn
182049,Drumcode
319728,Chapeleiro
8553751,Monstercat
1562646,Short Round
3941306,Mixmag
111204110,Behmer
1038649,Eric Prydz
230703520,We Are The Brave
206657,mandragora! ÔëΩ
182049,Drumcode
22769,Joseph Capriati
59880230,Sefa
182049,Drumcode
94691186,NICK PROSPER
49938,Gustavo Mota
319728,Chapeleiro
2935191,Mind Against
3941306,Mixmag
33381607,Elderbrook
260439,Nicole Moudaber
7364133,Amir ‚òØ
157458540,MIXMAG GERMANY
217087,Hotflush
3941306,Mixmag
488,Pan-Pot (OFFICIAL)
4417549,K√∂lsch
37767789,Drew Stuksis
30786276,Ollie Iles
213456966,Afterlife
4274432,Droplex
52318025,Second State Audio
203,adambeyer
5207300,TommyHanson
235805486,Scuba
349011,Annie Mac Presents
175053,S3RL
3941306,Mixmag
990730,Groove Delight
1038649,Eric Prydz
17591573,Maytrixx
175053,S3RL
319728,Chapeleiro
7004005,Fabrication
17461098,Baikal
1701116,Angerfist
177950468,Augmented Deep
3941306,Mixmag
10695247,Extaso -live-
4382366,Ben Klock
590853,Tronic Music
203765265,Machete
587741,Boysnoize Records
1038649,Eric Prydz
2384354,Dr. Peacock
15732986,Moonwalk
752705,BOILER ROOM
2992248,Strong R.
24662519,Nik Sitz
3941306,Mixmag
752705,BOILER ROOM
182049,Drumcode
990730,Groove Delight
1701116,Angerfist
319728,Chapeleiro
1661608,Mark Dekoda
1146848,Billx
7972715,Achmad Fauzi Sahri (3)
182049,Drumcode
11009453,Breech_minimal
3941306,Mixmag
182049,Drumcode
44598884,JKim19
182049,Drumcode
3941306,Mixmag
983087,Epok
10927553,TwistedCircuit
2384354,Dr. Peacock
16939694,Duane Bartolo
8224598,Avenix
175053,S3RL
171814375,Minardo
39390612,Max Howard
1562646,Short Round
2335882,AJ Christou
1372431,Nathan Thomson
182049,Drumcode
4274432,Droplex
13968770,Adri75
89765430,Senso Sounds
57637947,vinivicimusic
3507608,clubfungus
6111509,Doktor Froid
99018979,Armada Captivating
229482,claudinhobrasil
57637947,vinivicimusic
328374,Universo Paralello
62930740,Tristan Schmidt 2
57637947,vinivicimusic
29316280,Belik Boom
1412183,Azax
72446939,Dang3r
16620767,Berg
7364133,Amir ‚òØ
2714299,Major-7
814237,Ritmomusic
100184323,Armada Night Radio
58502729,A State Of Trance
183425,Rodg
9311293,WARRIORS
19209004,Future Frequency
3548599,ZANON
58502729,A State Of Trance
6859216,Upgrade Music
173402339,Axl Hazarika
58502729,A State Of Trance
169250756,VII
1814899,Blastoyz
58502729,A State Of Trance
13644197,Blazy
58502729,A State Of Trance
58502729,A State Of Trance
6859216,Upgrade Music
328374,Universo Paralello
197484968,Find Your Harmony Radio
99018979,Armada Captivating
1242539,ASTRIX (official)
58502729,A State Of Trance
296375,Mark Sixma
206657,mandragora! ÔëΩ
134568,Neelix
99018979,Armada Captivating
16620767,Berg
134568,Neelix
2797640,StatementMusic
2797640,StatementMusic
20858073,NIKELODEON
1600785,Hi Profile
58502729,A State Of Trance
12640729,OZORA Festival
296375,Mark Sixma
814237,Ritmomusic
5690393,Ghost Rider (official)
58502729,A State Of Trance
944515,InfectedMushroom
9971600,Coming Soon!!!
2714299,Major-7
57637947,vinivicimusic
1519628,DjYahel (official Cloud )
1057056,Dash Berlin
1600785,Hi Profile
58502729,A State Of Trance
134568,Neelix
229482,claudinhobrasil
53235774,Reality Test
724640,Revealed Recordings
26912952,DaVinci Code
1242539,ASTRIX (official)
2797640,StatementMusic
231914518,lilhothands
16008252,FabioandMoon
116337358,crocoloko
942050,Symphonix
60473184,Muhammad Anwaar Khan
245184,IbogaRecords
9870292,Anne-Aude aka Dj Shankari
72446939,Dang3r
28884239,Armada Music
27128165,Kraft-e
1322509,sestosento
6859216,Upgrade Music
1226582,BLiSS
5926405,Ranji @
651908,VERMONT
8677062,DJ gabriel
174016189,R3TRANCED
74034119,Wanted
9910169,Aly & Fila
229482,claudinhobrasil
106847425,SHAYOR
3512831,Polar Energy
99018979,Armada Captivating
29968445,Armin van Buuren
6111509,Doktor Froid
190084,Mohamed Ragab
1883858,Goa Trance Music
23706060,TCM Underground Official
58502729,A State Of Trance
2714299,Major-7
97558122,LocoWeed
46259543,Bad-Bunny
142478480,slab%
193649478,T-Sizzle24
3480303,T-Mass
144468783,Pepe Quintana
100578347,DARIIOO
128918247,2DZ
103722868,Lucian
15017483,Migos
8201076,disto
15017483,Migos
93105379,Noriel
182124701,Darellpr
122637617,More Than Records
15017483,Migos
51276113,Crankdat
30223684,Daniel Olvera
956458,Dj Carnage
3514469,RL Grime
91875479,Digital Trapstars
256323622,No Riddim #2
180091932,@Reggaeton_24.7
16069159,NCS
93105379,Noriel
3480303,T-Mass
4091150,VANIC Official
99300046,Elysian Records
445063,Thissongissick.com
15017483,Migos
107325179,Brytiago
74620231,Electric Spark
97864009,IV REAL MUSIC
8553751,Monstercat
18172313,Alex Errday
192669233,DEUTSCH RAP SUPPORT
153420123,Ellusive
15017483,Migos
202166446,PLUG STUDIOS NYC
70816700,FERNANDO RIVERA $
5020442,Marcus mj
256323622,No Riddim #2
144635756,IIIXXVELL
8553751,Monstercat
6425726,"Juhn ""ElAllStar"""
142747987,BryantMyers
248059158,Trap Cartel
17797035,Arman Cekin
599839,Herobust
165320750,Django
956458,Dj Carnage
194110398,ACOT
13813117,Trap Cords
21567438,Pesos..Baby LaFlame Beats
122637617,More Than Records
3082177,KNY FŒõCTORY
218993,Torro Torro
27580353,Trap Nation
256323622,No Riddim #2
27580353,Trap Nation
30995894,Dvice
181185830,Aspire
155482777,Arman Cekin Remixes
14766,Mayhem
101432575,That Murdock
26795107,David Akd
243329054,TheNewSupply
8553751,Monstercat
24957202,Hex Cougar
245843241,offcialkevonn
86812160,IG// @SenseiOfSlavery
17926324,Enschway
192140114,TeamTaj
182124701,Darellpr
248860003,TRU SLAB
149083166,JAY SILVA
42217043,NOT YOUR DOPE
149083166,JAY SILVA
26795107,David Akd
172249277,Tomsize
312963,Flosstradamus
3480303,T-Mass
10494998,LIL UZI VERT
312963,Flosstradamus
253505767,TRU MOTHERFUCKING SLAB
27580353,Trap Nation
34051612,KELMITT
247049821,LOS DUROS CON LOS DUROS
100585002,Trill Sammy
252165444,Fansss
133749889,Belly Squad
69257219,NGHTMRE
3480303,T-Mass
8553751,Monstercat
540952,iamhypnotik
24980742,brothel.
351064,R3HAB
60382834,Space Race
101993857,Pantheon
84938423,MuzikFene
222074365,Mittix
6352598,Supa Bwe
22061585,*PACMAN*AKA*PAC*
158944048,FatalExc3pti0n
3042707,dj_aLloi
75375003,Black COAL
20418657,ug_vavy
16019489,She¬¥s excited!
6352598,Supa Bwe
6352598,Supa Bwe
22061585,*PACMAN*AKA*PAC*
4657484,SHEEM KLUAF
33410636,Imagined Herbal Flows
101431959,Mrs Rhymes
13501082,TheNujabesLover
20418657,ug_vavy
6352598,Supa Bwe
6352598,Supa Bwe
42630956,TreJefe
8815594,CJTopOff
8815594,CJTopOff
17789414,Dj Suede the remix god
939022,Weaver Beats
12890152,Taylor Bennett
42630956,TreJefe
12890152,Taylor Bennett
33410636,Imagined Herbal Flows
12890152,Taylor Bennett
20418657,ug_vavy
241310128,OnlyTrap Inc
3399796,MrSuicideSheep
39346322,Heroic.
69981278,Logan Cage
171467607,Ramsey
6352598,Supa Bwe
106499016,DDM Recordings
12890152,Taylor Bennett
65529094,resurgence
2360716,Cobana ‡•ê
102435699,bitbird
52170874,Rayven Justice
13000822,bzkt.
12890152,Taylor Bennett
17816142,Yusuke Mizushima
6352598,Supa Bwe
50983799,Ciara Aldridge
6352598,Supa Bwe
300697,Sebastian Ingrosso
6352598,Supa Bwe
28416621,Stay See
5607237,Trip Hop Nation
16730,Diplo
6352598,Supa Bwe
762863,Mr FijiWiji
60312443,Mounika.
17789414,Dj Suede the remix god
42630956,TreJefe
83725339,Morocco Brown
69981278,Logan Cage
6352598,Supa Bwe
48386371,tobuscusfkmepls
7264346,dinnerwithjohn
259847959,heyyan
150242265,Mirella Zanetti
360663,Poldoore
255960741,Dunks Dubs
39346322,Heroic.
74682011,Wavvy
22113052,Ark Patrol
33410636,Imagined Herbal Flows
939022,Weaver Beats
12890152,Taylor Bennett
113445141,hyunjaew
12890152,Taylor Bennett
97809343,pace
3507608,clubfungus
133074340,Majik
245102880,KLASHTALK
6352598,Supa Bwe
12890152,Taylor Bennett
69981278,Logan Cage
39346322,Heroic.
5428132,Ju
12890152,Taylor Bennett
87707126,Jean Emerick
6352598,Supa Bwe
72491800,Future vibes
4411,Gramatik
12890152,Taylor Bennett
82755540,Smooth Music  We Need
69981278,Logan Cage
42630956,TreJefe
18059731,BLACK SMURF
72049,Hannah Wants
221463341,HypeHipHop
79716363,trippythakid  ‚òΩ
32160892,ÔªøÔºÆÔΩÖÔΩîÔΩìÔΩï
3399796,MrSuicideSheep
3399796,MrSuicideSheep
2633012,Mindpleasure & Friends
6352598,Supa Bwe
190278568,User 831524626
121315043,Alasfour
244370652,ŸáŸäŸÖÿß ŸÅŸàÿ± ÿßŸäŸÅÿ± ÿ∑ÿ±ÿ® ŸÖŸäŸÉÿ≥
122239290,Dr.amr 7a7a
3247986,Amr El-Ghitany
35454384,Carmen Soliman
217754309,ÿßÿ≥ŸÖÿπ ÿ¥ÿπÿ®Ÿâ
200299218,Zeyad Kamal
240779386,Nagham
127942113,Samy Adel
76640099,Mohamed Jeery
104613727,Ahmad Arqawi
22403628,Mohamed Talat Zaki
155580289,MaHraGaNaT Exclusive ‚ú™
102433987,Assala
63517989,‚àï∆ñ ‚àï∆ñŒ±Œ∂mŸèoud
204462509,~Never Land~
66090208,Temsa7
212479894,ÿ¥ŸÄÿπŸÄÿ®ŸÄŸä ŸÖŸÄÿµŸÄÿ±Ÿä
238427464,Mahrganat
5294984,MaTb3aa
94140034,Mahmoud Muhammed
11674330,omar said
123598081,StarGate
140760262,Fareda Ahmed
8129323,Ôº≥Ôº®Ôº•Ôº•Ôº≥Ôº® …® ê ç
118513979,Princc Midoo12
69512472,mazenmezo
13901843,‚ô™ edeeb ‚ô™
188925788,Eyad Jian
56652264,Adham Seliman
251655792,Instagram: Ahmedshalaby77 ÿßŸÑÿ®ŸàŸÖ ÿßŸÑŸäÿ≥ÿß ŸÖŸÑŸÉŸá ÿßŸÑÿßÿ≠ÿ≥ÿßÿ≥
200486753,Mohamed Saad
58423443,Taha A. Gado
37591719,Sayed El Lithey
100192622,Jolie Attar
103667786,MMShoulah
63704891,Peter 3adel
125511232,YousseF Fathii
83761969,Mohammed Shurrab
125139230,Egy Tracks
165268166,Mohammed Al-sheikh
81822463,Dream Perfect Regime (DPR)
7639134,NaderHamdy
88869425,EL Shewey
65499462,user501231236
111752166,Mii-To'u
18990367,Omar Metwally ‚ú™
4427967,Safrota
102433987,Assala
245221433,ÿßŸÑÿ®ŸàŸÖ ÿßŸÑŸäÿ≥ÿß - ÿ≥Ÿáÿ±ŸÜÿß Ÿäÿß ŸÑŸäŸÑ
206987410,Hs√± S√°pri
3622311,Rose_d'amour
91249323,NouRLando
60676630,Kimz Mattar
32077074,MADU
102433987,Assala
63704891,Peter 3adel
10138280,Aj Assim
142563375,ALI Mohmmad
253261542,Wasta Network
122239290,Dr.amr 7a7a
64447173,DoDGe
163449727,heba fawzy
54434978,smart.BeDo
45815454,Momen tommy
16978677,Marwan Tarek
5967664,Rami Nassrallah
65427451,Mahmoud Hakeem
83581390,Tony
109490298,HawssaCC
72417203,Ahmed Wesha 1
184579370,sha3by w BaS ‚ú™ PRO ‚úî
150569504,Sara Elshabkaa
118598422,MooDy AD
242800188,ÿ≤ŸäŸÄŸÉŸÄÿß
128037725,Soraya Emad
110997020,Solly MiZo
56573189,TRPmix.com
74238450,Muhammed A. El-Naggar
12093337,TrpMix.Bershama
49413349,BaRaKat
216423964,Ultras Filo
27885497,Maged_Ali79
30211778,Wael Elbaz
48437728,Menna AGlan
8506782,[Musica] Player
8117204,Ahmed Elgammal
111282457,Muhameed Tarek
188912252,JAY VIBE RECORDS
233387095,ÿßÿ¨ÿØÿØ ÿßŸÑÿßÿ∫ÿßŸÜŸä
104613727,Ahmad Arqawi
130429892,Ahmuxs
2091062,islamzeus
21858659,MarkoElpop
169312955,ahm3dmostafa
102433987,Assala
73687949,tokka mahmoud
197807940,eLMoShaKeS
232379311,Mazen Sadek
43343162,Pottermore
1787232,FaberBooks
82057256,Ladybird Books
43343162,Pottermore
73637897,HarperAudio Presents
19768198,HarperAudio
73637897,HarperAudio Presents
82057256,Ladybird Books
42137835,Hay House
43343162,Pottermore
32891137,fatimabdullah
17840702,HachetteAudio
4664302,PRH Audio
19768198,HarperAudio
880811,Post Hypnotic Press Books
4664302,PRH Audio
43343162,Pottermore
4664302,PRH Audio
4247850,Penguin Books UK
29135465,Guardian Books podcast
42137835,Hay House
49362068,Hay House UK
19768198,HarperAudio
39103482,Audible
39473817,BookD Podcast
39103482,Audible
43343162,Pottermore
82057256,Ladybird Books
43343162,Pottermore
42137835,Hay House
4664302,PRH Audio
86072884,Puffin Books UK
29135465,Guardian Books podcast
4247850,Penguin Books UK
39103482,Audible
43343162,Pottermore
4247850,Penguin Books UK
8214906,OrionBooks
35772666,AudibleUK
42137835,Hay House
4664302,PRH Audio
10724569,Dead Good Audio
17840702,HachetteAudio
4664302,PRH Audio
21304054,MacmillanAudio
17275829,AudioGO Audiobooks
73637897,HarperAudio Presents
39103482,Audible
880811,Post Hypnotic Press Books
39103482,Audible
73637897,HarperAudio Presents
82057256,Ladybird Books
42137835,Hay House
43343162,Pottermore
8214906,OrionBooks
16059,BetterListen!
9864124,Avoc  ÿ¢Ÿàÿß⁄©
42137835,Hay House
43343162,Pottermore
43343162,Pottermore
50758087,Books and Authors
4664302,PRH Audio
5321014,Simon & Schuster Audio
19996639,HarperAudio_US
8214906,OrionBooks
4664302,PRH Audio
8214906,OrionBooks
10724569,Dead Good Audio
4664302,PRH Audio
43343162,Pottermore
4247850,Penguin Books UK
42137835,Hay House
50749642,BBC Book Club
4247850,Penguin Books UK
21304054,MacmillanAudio
43343162,Pottermore
19996639,HarperAudio_US
39683459,Harperchildrens
42137835,Hay House
19768198,HarperAudio
17275829,AudioGO Audiobooks
39103482,Audible
86072884,Puffin Books UK
5321014,Simon & Schuster Audio
42137835,Hay House
29135465,Guardian Books podcast
35772666,AudibleUK
86072884,Puffin Books UK
21304054,MacmillanAudio
39103482,Audible
17840702,HachetteAudio
43343162,Pottermore
39683459,Harperchildrens
5321014,Simon & Schuster Audio
4664302,PRH Audio
39103482,Audible
4247850,Penguin Books UK
21304054,MacmillanAudio
4664302,PRH Audio
77579800,Rhonda Byrne Audiobooks
97151295,FT Big Read
2366352,garyvee
60292654,B√∂rspodden
97151295,FT Big Read
7549311,The Economist
7549311,The Economist
7549311,The Economist
120526530,Placeras STOCKholmsb√∂rsen
7549311,The Economist
2366352,garyvee
146427556,The MFCEO Project
7549311,The Economist
37590655,HBR IdeaCast
59518458,#Sparpodden
7549311,The Economist
146427556,The MFCEO Project
2366352,garyvee
60292654,B√∂rspodden
7549311,The Economist
7549311,The Economist
37590655,HBR IdeaCast
22645009,Helios Herrera
131412063,Chat With Traders
7549311,The Economist
146427556,The MFCEO Project
120526530,Placeras STOCKholmsb√∂rsen
2366352,garyvee
2366352,garyvee
29314499,Bloomberg View
7549311,The Economist
131412063,Chat With Traders
97151295,FT Big Read
59518458,#Sparpodden
97151295,FT Big Read
37590655,HBR IdeaCast
37590655,HBR IdeaCast
173224393,Bloomberg
25784520,M24: The Entrepreneurs
7549311,The Economist
97147941,FT World Weekly
68016047,NVP Tamlyn&Andrew Samuel
68016047,NVP Tamlyn&Andrew Samuel
25784122,Monocle 24: The Urbanist
2366352,garyvee
97147941,FT World Weekly
150526623,UnitedNations
173224393,Bloomberg
10894782,CambridgeJBS
146427556,The MFCEO Project
10953460,Marketplace
85435912,BiggerPockets Podcast
59518458,#Sparpodden
97148339,Lucy Kellaway
2366352,garyvee
25784520,M24: The Entrepreneurs
60292654,B√∂rspodden
146427556,The MFCEO Project
25784122,Monocle 24: The Urbanist
103179866,Ready Set Go to the Top
150526623,UnitedNations
71129812,AskPat
97151295,FT Big Read
29314499,Bloomberg View
146427556,The MFCEO Project
85435912,BiggerPockets Podcast
87035121,EFNpodden
87035121,EFNpodden
7549311,The Economist
99008812,Addicted2Success
97151295,FT Big Read
71129812,AskPat
71129812,AskPat
131412063,Chat With Traders
10953460,Marketplace
10953460,Marketplace
25784122,Monocle 24: The Urbanist
103179866,Ready Set Go to the Top
2366352,garyvee
55345306,deannaherrin
29898361,ThisMorning
7549311,The Economist
10953460,Marketplace
141544632,M√©di√°≈ô
37590655,HBR IdeaCast
25784520,M24: The Entrepreneurs
87035121,EFNpodden
29898361,ThisMorning
87035121,EFNpodden
97148339,Lucy Kellaway
2366352,garyvee
10953460,Marketplace
97151295,FT Big Read
173224393,Bloomberg
25784520,M24: The Entrepreneurs
146427556,The MFCEO Project
146427556,The MFCEO Project
2366352,garyvee
173224393,Bloomberg
146427556,The MFCEO Project
29898361,ThisMorning
44683272,Shane And Friends
48039907,The Read
88794716,The Brilliant Idiots
24758916,theMonday Morning Podcast
44683272,Shane And Friends
88794716,The Brilliant Idiots
48039907,The Read
44683272,Shane And Friends
169774121,Bodega Boys
169150534,The Basement Yard
95476128,Not Too Deep with Grace
24758916,theMonday Morning Podcast
24758916,theMonday Morning Podcast
167300167,The Friend Zone
169150534,The Basement Yard
169774121,Bodega Boys
143463073,Lip Service
32443384,Epic Rap Battles
44683272,Shane And Friends
95476128,Not Too Deep with Grace
32443384,Epic Rap Battles
54230392,The Cracked Podcast
88794716,The Brilliant Idiots
45519877,Comedy Central
48039907,The Read
44683272,Shane And Friends
4474692,Comedy Bang Bang
137846288,Last Podcast On The Left
95476128,Not Too Deep with Grace
32443384,Epic Rap Battles
169150534,The Basement Yard
44683272,Shane And Friends
68891950,Guys We F****d
24758916,theMonday Morning Podcast
44683272,Shane And Friends
32443384,Epic Rap Battles
29842629,complexmag
32443384,Epic Rap Battles
44683272,Shane And Friends
150593546,SourceFed Podcast
167300167,The Friend Zone
32443384,Epic Rap Battles
54244466,Podcast do Pretinho
32443384,Epic Rap Battles
32443384,Epic Rap Battles
54244466,Podcast do Pretinho
169774121,Bodega Boys
4483139,How Did This Get Made?
32443384,Epic Rap Battles
32443384,Epic Rap Battles
45519877,Comedy Central
32443384,Epic Rap Battles
32443384,Epic Rap Battles
169150534,The Basement Yard
143463073,Lip Service
32443384,Epic Rap Battles
4474692,Comedy Bang Bang
54244466,Podcast do Pretinho
54244466,Podcast do Pretinho
32443384,Epic Rap Battles
50596911,The JTrain Podcast
32443384,Epic Rap Battles
32443384,Epic Rap Battles
68891950,Guys We F****d
32443384,Epic Rap Battles
54244466,Podcast do Pretinho
54244466,Podcast do Pretinho
144894657,A Waste of Time
32443384,Epic Rap Battles
32443384,Epic Rap Battles
54244466,Podcast do Pretinho
95476128,Not Too Deep with Grace
54244466,Podcast do Pretinho
4483139,How Did This Get Made?
169150534,The Basement Yard
169150534,The Basement Yard
44683272,Shane And Friends
32443384,Epic Rap Battles
32443384,Epic Rap Battles
32443384,Epic Rap Battles
32443384,Epic Rap Battles
44683272,Shane And Friends
88794716,The Brilliant Idiots
32443384,Epic Rap Battles
45519877,Comedy Central
24758916,theMonday Morning Podcast
45519877,Comedy Central
32443384,Epic Rap Battles
48039907,The Read
32443384,Epic Rap Battles
32443384,Epic Rap Battles
32443384,Epic Rap Battles
32443384,Epic Rap Battles
32443384,Epic Rap Battles
54244466,Podcast do Pretinho
32443384,Epic Rap Battles
32443384,Epic Rap Battles
44683272,Shane And Friends
45519877,Comedy Central
32443384,Epic Rap Battles
1153176,billboard
138976584,The Joe Budden Podcast
154009125,No Jumper
154009125,No Jumper
154009125,No Jumper
138976584,The Joe Budden Podcast
109532020,Jenna & Julien Podcast
40440599,El Goldo y La Pelua
71500666,Double Toasted
40440599,El Goldo y La Pelua
1153176,billboard
45633928,"Ty, Kelly, and Chuck-America's Morning Show"
109532020,Jenna & Julien Podcast
71500666,Double Toasted
112884510,Psychobabble Tyler Oakley
71500666,Double Toasted
112884510,Psychobabble Tyler Oakley
48684217,The Combat Jack Show
99643372,TheHipHopLab
18121504,The Glenn Beck Program
154009125,No Jumper
18121504,The Glenn Beck Program
71500666,Double Toasted
156542883,Dear Hank & John
18121504,The Glenn Beck Program
18121504,The Glenn Beck Program
40440599,El Goldo y La Pelua
67277186,MOViN925
45633928,"Ty, Kelly, and Chuck-America's Morning Show"
150303766,VladTV
21534608,Creepypasta Storytime
6592090,Dormtainment
67277186,MOViN925
40440599,El Goldo y La Pelua
18121504,The Glenn Beck Program
67277186,MOViN925
154009125,No Jumper
90175412,RuPaul: What's the Tee?
90175412,RuPaul: What's the Tee?
51404188,Saturday Live
7352216,VICE
40440599,El Goldo y La Pelua
29782395,Ground Zero Media
29782395,Ground Zero Media
29782395,Ground Zero Media
5329745,HOT 97
68028612,Nawtico
40440599,El Goldo y La Pelua
139726839,Juan Epstein
40440599,El Goldo y La Pelua
21332328,BuzzFeed
112884510,Psychobabble Tyler Oakley
2026924,CFOX
5170489,marthadebayle
5329745,HOT 97
5329745,HOT 97
71500666,Double Toasted
67277186,MOViN925
67277186,MOViN925
67277186,MOViN925
67277186,MOViN925
67277186,MOViN925
21534608,Creepypasta Storytime
156542883,Dear Hank & John
5453079,FunX
40440599,El Goldo y La Pelua
154009125,No Jumper
138976584,The Joe Budden Podcast
5329745,HOT 97
29782395,Ground Zero Media
67277186,MOViN925
67277186,MOViN925
67277186,MOViN925
67277186,MOViN925
5170489,marthadebayle
159731919,Break It Down Podcast
48684217,The Combat Jack Show
67277186,MOViN925
21534608,Creepypasta Storytime
141381968,Another Round
109532020,Jenna & Julien Podcast
99643372,TheHipHopLab
71500666,Double Toasted
67277186,MOViN925
48684663,FanBrosShow
67277186,MOViN925
67277186,MOViN925
29782395,Ground Zero Media
67277186,MOViN925
67277186,MOViN925
7856128,wxpnfm
67277186,MOViN925
79294269,Fat Man on Batman
48684663,FanBrosShow
5453079,FunX
6880308,Adam Buxton
7352216,VICE
21534608,Creepypasta Storytime
2150697,KinkyCasey
29782395,Ground Zero Media
59753170,Waking Up with Sam Harris
25722217,LifeLeveler
33856806,5 In The Afternoon |  ŸæŸÜÿ¨ ÿπÿµÿ± ÿ®ÿß ⁄©ÿßŸÖÿ®€åÿ≤ ÿ≠ÿ≥€åŸÜ€å
68198492,"ENVP, Donna Johnson"
33856806,5 In The Afternoon |  ŸæŸÜÿ¨ ÿπÿµÿ± ÿ®ÿß ⁄©ÿßŸÖÿ®€åÿ≤ ÿ≠ÿ≥€åŸÜ€å
59753170,Waking Up with Sam Harris
68198492,"ENVP, Donna Johnson"
2461663,Intelligence Squared
59753170,Waking Up with Sam Harris
4135366,Lewis Howes
59753170,Waking Up with Sam Harris
68198492,"ENVP, Donna Johnson"
33856806,5 In The Afternoon |  ŸæŸÜÿ¨ ÿπÿµÿ± ÿ®ÿß ⁄©ÿßŸÖÿ®€åÿ≤ ÿ≠ÿ≥€åŸÜ€å
59753170,Waking Up with Sam Harris
4135366,Lewis Howes
38956157,Digital Spartan
3846881,Dreaming in the Void
38956157,Digital Spartan
2461663,Intelligence Squared
37126173,debbieneal
3846881,Dreaming in the Void
2461663,Intelligence Squared
2427644,UCL Sound
59753170,Waking Up with Sam Harris
2461663,Intelligence Squared
4135366,Lewis Howes
59753170,Waking Up with Sam Harris
31740038,TalkToMeInKorean
59753170,Waking Up with Sam Harris
59753170,Waking Up with Sam Harris
51674511,Partially Examined Life
4135366,Lewis Howes
33856806,5 In The Afternoon |  ŸæŸÜÿ¨ ÿπÿµÿ± ÿ®ÿß ⁄©ÿßŸÖÿ®€åÿ≤ ÿ≠ÿ≥€åŸÜ€å
31740038,TalkToMeInKorean
59753170,Waking Up with Sam Harris
59753170,Waking Up with Sam Harris
77469217,Mike Cernovich Podcast
818784,Part 1-2 the power of now
13385304,davidji
68198492,"ENVP, Donna Johnson"
59753170,Waking Up with Sam Harris
59753170,Waking Up with Sam Harris
17473905,A Way with Words
2461663,Intelligence Squared
13385304,davidji
13385304,davidji
59753170,Waking Up with Sam Harris
13385304,davidji
68198492,"ENVP, Donna Johnson"
31740038,TalkToMeInKorean
59753170,Waking Up with Sam Harris
27330924,LiberationInMind
13385304,davidji
57849969,Archaeology
59753170,Waking Up with Sam Harris
22327601,DW - Learn German
33856806,5 In The Afternoon |  ŸæŸÜÿ¨ ÿπÿµÿ± ÿ®ÿß ⁄©ÿßŸÖÿ®€åÿ≤ ÿ≠ÿ≥€åŸÜ€å
3846881,Dreaming in the Void
4135366,Lewis Howes
68186648,Good Life Project
4145486,University of Cambridge
11049439,Tim Ferriss
68198492,"ENVP, Donna Johnson"
49240110,Rmngrandpalais
44687512,Rich Roll Podcast
51674511,Partially Examined Life
13385304,davidji
13385304,davidji
59753170,Waking Up with Sam Harris
25722217,LifeLeveler
31740038,TalkToMeInKorean
165595159,Campus
68186648,Good Life Project
50759503,BBC Radio 4: More or Less
30780299,ColChrisHadfield
13385304,davidji
31740038,TalkToMeInKorean
13385304,davidji
22327601,DW - Learn German
13385304,davidji
22327601,DW - Learn German
54336681,Jonlavin
41201982,FarEastMotivation
13385304,davidji
59753170,Waking Up with Sam Harris
17286807,LSE Podcasts
31740038,TalkToMeInKorean
2018680,Stanford eCorner
22327601,DW - Learn German
2018680,Stanford eCorner
31740038,TalkToMeInKorean
4135366,Lewis Howes
2018680,Stanford eCorner
12981826,centerpointe
2427644,UCL Sound
59753170,Waking Up with Sam Harris
13385304,davidji
13385304,davidji
13385304,davidji
59753170,Waking Up with Sam Harris
44663681,latinousa
120759957,Louder With Crowder
25346550,BuzzFeed News
83335904,CBSÎùºÎîîÏò§
120759957,Louder With Crowder
34694383,98.9 WCLZ
120252892,BBC Gahuza
52090386,morningshow.hu
27727801,bbcburmese
52090386,morningshow.hu
52090386,morningshow.hu
52090386,morningshow.hu
52090386,morningshow.hu
120252892,BBC Gahuza
52090386,morningshow.hu
52090386,morningshow.hu
52090386,morningshow.hu
83335904,CBSÎùºÎîîÏò§
96740050,The Radix Podcast
52090386,morningshow.hu
27727801,bbcburmese
29826576,NYDailyNews
52090386,morningshow.hu
52090386,morningshow.hu
52090386,morningshow.hu
52090386,morningshow.hu
52090386,morningshow.hu
52090386,morningshow.hu
52090386,morningshow.hu
15724647,DRadio Wissen
157648308,Fatu Radio Network
162128053,Radio Omega
27727801,bbcburmese
27727801,bbcburmese
138569037,Red Ice Radio
157648308,Fatu Radio Network
162128053,Radio Omega
157648308,Fatu Radio Network
120759957,Louder With Crowder
74131383,Monocle 24: Foreign Desk
22961888,Landesschau aktuell RP
76926899,World View - The Irish Times
28767177,Pepe Billete Uncensored
27727801,bbcburmese
120252892,BBC Gahuza
120252892,BBC Gahuza
116961113,Matt Walsh - TheBlaze
89420700,Artunduaga por la ma√±ana
27727801,bbcburmese
35947395,Buck Sexton
83335904,CBSÎùºÎîîÏò§
157648308,Fatu Radio Network
142270231,Motgift
27727801,bbcburmese
7211860,NotiUno 630
52090386,morningshow.hu
35947395,Buck Sexton
99045771,Washington Free Beacon
142270231,Motgift
35947395,Buck Sexton
15799848,RFA Burmese
34694383,98.9 WCLZ
53483113,RTVC - CARAIBES FM 94.5
27727801,bbcburmese
120252892,BBC Gahuza
35947395,Buck Sexton
30886644,ÿ≥Ÿàÿß ŸÖÿßÿ∫ÿßÿ≤ŸäŸÜ ÿ±ÿßÿØŸäŸà ÿ≥Ÿàÿß
93488201,Arkansas Times
58912804,Radio Fresh FM
29134487,Guardian Politics Weekly
52090386,morningshow.hu
138569037,Red Ice Radio
52090386,morningshow.hu
30886644,ÿ≥Ÿàÿß ŸÖÿßÿ∫ÿßÿ≤ŸäŸÜ ÿ±ÿßÿØŸäŸà ÿ≥Ÿàÿß
113127262,Newslaundry
29431928,–†–∞–¥–∏–æ –°–≤–æ–±–æ–¥–∞
113127262,Newslaundry
74131383,Monocle 24: Foreign Desk
52090386,morningshow.hu
142201817,GLZ Radio - ◊í◊ú◊¶
20963643,HPM - News 88.7
52090386,morningshow.hu
2310520,RFA Vietnamese
140079706,M24: The Big Interview
35947395,Buck Sexton
2310520,RFA Vietnamese
52090386,morningshow.hu
142270231,Motgift
95733114,Hagmann & Hagmann Report
29134487,Guardian Politics Weekly
23627464,The White House
53483113,RTVC - CARAIBES FM 94.5
51421269,WSHardtalk
50009496,Huna Sotak
57491208,Áü≥Êø§.radio
53483113,RTVC - CARAIBES FM 94.5
15724647,DRadio Wissen
27727801,bbcburmese
57491208,Áü≥Êø§.radio
57491208,Áü≥Êø§.radio
67953725,Mustafa Hosny
67953725,Mustafa Hosny
67953725,Mustafa Hosny
3702142,supresencia
67953725,Mustafa Hosny
3702142,supresencia
3702142,supresencia
3702142,supresencia
24350376,Mia Astral
3702142,supresencia
24350376,Mia Astral
24350376,Mia Astral
24350376,Mia Astral
2155688,On Being Studios
66735073,Massage ASMR
3702142,supresencia
24350376,Mia Astral
3702142,supresencia
3702142,supresencia
18323620,Padre Paulo Ricardo
67953725,Mustafa Hosny
67953725,Mustafa Hosny
67953725,Mustafa Hosny
67953725,Mustafa Hosny
13337910,CTMI
66735073,Massage ASMR
67953725,Mustafa Hosny
2747780,NgalSo Sound Archive
66735073,Massage ASMR
67953725,Mustafa Hosny
3702142,supresencia
2155688,On Being Studios
67607332,3ashig alm3atig
3702142,supresencia
66735073,Massage ASMR
66735073,Massage ASMR
18323620,Padre Paulo Ricardo
67953725,Mustafa Hosny
18323620,Padre Paulo Ricardo
3702142,supresencia
67953725,Mustafa Hosny
18323620,Padre Paulo Ricardo
66735073,Massage ASMR
66735073,Massage ASMR
2155688,On Being Studios
9550553,casadeoracionmexico
3702142,supresencia
67953725,Mustafa Hosny
67953725,Mustafa Hosny
3702142,supresencia
67953725,Mustafa Hosny
67953725,Mustafa Hosny
66735073,Massage ASMR
67953725,Mustafa Hosny
66735073,Massage ASMR
71208277,The Morning Answer
67953725,Mustafa Hosny
24350376,Mia Astral
24350376,Mia Astral
18323620,Padre Paulo Ricardo
66735073,Massage ASMR
24350376,Mia Astral
66735073,Massage ASMR
9550553,casadeoracionmexico
24350376,Mia Astral
60249133,RADIOVOX_ORG
26488599,pildorasdefe
3702142,supresencia
18323620,Padre Paulo Ricardo
67953725,Mustafa Hosny
71208277,The Morning Answer
67953725,Mustafa Hosny
9550553,casadeoracionmexico
67953725,Mustafa Hosny
67953725,Mustafa Hosny
9550553,casadeoracionmexico
67953725,Mustafa Hosny
9550553,casadeoracionmexico
26488599,pildorasdefe
246873,Cape Town Muslim Events
2155688,On Being Studios
67953725,Mustafa Hosny
104682107,council1arch
71208277,The Morning Answer
67953725,Mustafa Hosny
18323620,Padre Paulo Ricardo
71208277,The Morning Answer
26488599,pildorasdefe
71208277,The Morning Answer
67953725,Mustafa Hosny
67953725,Mustafa Hosny
67953725,Mustafa Hosny
24350376,Mia Astral
67953725,Mustafa Hosny
71208277,The Morning Answer
24350376,Mia Astral
71208277,The Morning Answer
66735073,Massage ASMR
160593169,Rabbi Daniel Lapin
67953725,Mustafa Hosny
38128127,StarTalk Radio
38128127,StarTalk Radio
38128127,StarTalk Radio
112904040,NASA
112904040,NASA
38128127,StarTalk Radio
51405840,The Life Scientific
38128127,StarTalk Radio
38128127,StarTalk Radio
112904040,NASA
38128127,StarTalk Radio
38128127,StarTalk Radio
38128127,StarTalk Radio
2342585,Nature sounds
29134061,Guardian Science Weekly
51412539,WSDiscovery
112904040,NASA
112904040,NASA
38128127,StarTalk Radio
38128127,StarTalk Radio
112904040,NASA
112904040,NASA
10941082,SciFri
112904040,NASA
109535128,Newsweek Tech & Science
38128127,StarTalk Radio
112904040,NASA
10941082,SciFri
112904040,NASA
112904040,NASA
38128127,StarTalk Radio
112904040,NASA
8396837,European Space Agency
38128127,StarTalk Radio
112904040,NASA
2342585,Nature sounds
112904040,NASA
38128127,StarTalk Radio
10941082,SciFri
38128127,StarTalk Radio
112904040,NASA
112904040,NASA
112904040,NASA
112904040,NASA
38128127,StarTalk Radio
112904040,NASA
10941082,SciFri
10941082,SciFri
112904040,NASA
112904040,NASA
38128127,StarTalk Radio
2342585,Nature sounds
38128127,StarTalk Radio
112904040,NASA
112904040,NASA
112904040,NASA
112904040,NASA
2342585,Nature sounds
38128127,StarTalk Radio
10941082,SciFri
38128127,StarTalk Radio
10941082,SciFri
112904040,NASA
29134061,Guardian Science Weekly
1310632,Listening Earth
38128127,StarTalk Radio
112904040,NASA
2342585,Nature sounds
10941082,SciFri
112904040,NASA
112904040,NASA
112904040,NASA
112904040,NASA
112904040,NASA
29134061,Guardian Science Weekly
166801999,waitbutwhy
112904040,NASA
112904040,NASA
112904040,NASA
112904040,NASA
112904040,NASA
10941082,SciFri
112904040,NASA
38128127,StarTalk Radio
10941082,SciFri
112904040,NASA
112904040,NASA
112904040,NASA
38128127,StarTalk Radio
112904040,NASA
112904040,NASA
112904040,NASA
112904040,NASA
112904040,NASA
2342585,Nature sounds
10941082,SciFri
38128127,StarTalk Radio
112904040,NASA
112904040,NASA
10941082,SciFri
175240992,The Bill Simmons Podcast
175240992,The Bill Simmons Podcast
175240992,The Bill Simmons Podcast
29135737,Guardian Football Weekly
44619822,IrishTimes SecondCaptains
82132148,HBO Boxing
63070057,Fighter and The Kid
175240992,The Bill Simmons Podcast
46438170,Steve Dangle Podcast
44619822,IrishTimes SecondCaptains
44619822,IrishTimes SecondCaptains
29135737,Guardian Football Weekly
46438170,Steve Dangle Podcast
82132148,HBO Boxing
40717662,The Attitude Era Podcast
63070057,Fighter and The Kid
29135737,Guardian Football Weekly
119064837,Men In Blazers
6421733,Pregame
158429108,The Fantasy Footballers
17892688,adidasfootball
175240992,The Bill Simmons Podcast
158429108,The Fantasy Footballers
63070057,Fighter and The Kid
44619822,IrishTimes SecondCaptains
44619822,IrishTimes SecondCaptains
158429108,The Fantasy Footballers
6421733,Pregame
29135737,Guardian Football Weekly
46438170,Steve Dangle Podcast
158429108,The Fantasy Footballers
119064837,Men In Blazers
98381617,The MMA Hour with Helwani
29292848,MMA Beat
17892688,adidasfootball
167794477,The Nolecast
119064837,Men In Blazers
167794477,The Nolecast
63070057,Fighter and The Kid
29292848,MMA Beat
158429108,The Fantasy Footballers
145331061,The Corner Podcast
6233389,zwwdf
54149232,The Game Podcast
53729553,The Jillian Michaels Show
59483372,Cruzados
31104708,The Solid Verbal
56715894,ShutdownFullcast
59483372,Cruzados
147445853,Anik and Florian
88271741,1. FC K√∂ln
12429852,BGN Radio
109631238,The Stephen A. Smith Show
175240992,The Bill Simmons Podcast
98602096,ColtCabana
109631238,The Stephen A. Smith Show
54149232,The Game Podcast
56715894,ShutdownFullcast
6233389,zwwdf
167794477,The Nolecast
75202880,Dirty Sports
46161154,SPORT1.fm
12873059,Warriors
54149232,The Game Podcast
24058849,Off The Ball
6421733,Pregame
44619822,IrishTimes SecondCaptains
55907462,Bet The Board
70429005,newgenpodcast
24058849,Off The Ball
169482547,PodcastAin'tPlayedNobody
46438170,Steve Dangle Podcast
31104708,The Solid Verbal
2104676,Arseblog
24058849,Off The Ball
87529600,SiriusXM NBA Radio
24058849,Off The Ball
75202880,Dirty Sports
76930635,TSN 1040 | 1410
35130728,MMA Roasted
76930635,TSN 1040 | 1410
83214438,UEFA.com
32998650,The Come Up BMX
175240992,The Bill Simmons Podcast
44619822,IrishTimes SecondCaptains
63070057,Fighter and The Kid
87532681,SiriusXM NFL Radio
76930635,TSN 1040 | 1410
76930635,TSN 1040 | 1410
24058849,Off The Ball
55907462,Bet The Board
24058849,Off The Ball
54149232,The Game Podcast
76930635,TSN 1040 | 1410
24058849,Off The Ball
12873059,Warriors
76930635,TSN 1040 | 1410
12873059,Warriors
109631238,The Stephen A. Smith Show
24058849,Off The Ball
41350296,NightValeRadio
5539303,Roman Mars
69651204,CriminalShow
41350296,NightValeRadio
5539303,Roman Mars
41350296,NightValeRadio
1864583,siftpodcast
69651204,CriminalShow
41350296,NightValeRadio
675480,Benjamen Walker
1242667,Love + Radio
240146254,Hennessy
41350296,NightValeRadio
41350296,NightValeRadio
136833289,The Mortified Podcast
41350296,NightValeRadio
29669516,ARTE Radio
41350296,NightValeRadio
1242667,Love + Radio
41350296,NightValeRadio
29669516,ARTE Radio
41350296,NightValeRadio
16633995,Strangers Podcast
5539303,Roman Mars
41350296,NightValeRadio
29669516,ARTE Radio
41350296,NightValeRadio
3009842,Snap Judgment
41350296,NightValeRadio
69651204,CriminalShow
3009842,Snap Judgment
41350296,NightValeRadio
3009842,Snap Judgment
41350296,NightValeRadio
41350296,NightValeRadio
5539303,Roman Mars
41350296,NightValeRadio
41350296,NightValeRadio
41350296,NightValeRadio
41350296,NightValeRadio
41350296,NightValeRadio
3009842,Snap Judgment
3334595,The Truth Podcast
29669516,ARTE Radio
41350296,NightValeRadio
41350296,NightValeRadio
41350296,NightValeRadio
41350296,NightValeRadio
16633995,Strangers Podcast
5539303,Roman Mars
11150128,Radio Diaries
41350296,NightValeRadio
13270730,HereBeMonsters
69651204,CriminalShow
41350296,NightValeRadio
41350296,NightValeRadio
16563806,BackStory
69651204,CriminalShow
41350296,NightValeRadio
50759330,BBC Radio 4: Midweek
9491920,Radio Ambulante
675480,Benjamen Walker
29752646,"Documentary On One, RT√â"
123653482,Gimletmedia
11150128,Radio Diaries
41350296,NightValeRadio
3439653,Radiolab
33831735,This American Life
89743233,Button Poetry
41350296,NightValeRadio
41350296,NightValeRadio
41350296,NightValeRadio
69651204,CriminalShow
41350296,NightValeRadio
41350296,NightValeRadio
16252415,The Story Collider
3334595,The Truth Podcast
41350296,NightValeRadio
41350296,NightValeRadio
136833289,The Mortified Podcast
41350296,NightValeRadio
69651204,CriminalShow
41350296,NightValeRadio
57972268,UnbelievablePodcast
41350296,NightValeRadio
69651204,CriminalShow
124613727,Reveal
3009842,Snap Judgment
3009842,Snap Judgment
69651204,CriminalShow
41350296,NightValeRadio
29669516,ARTE Radio
41350296,NightValeRadio
41350296,NightValeRadio
69651204,CriminalShow
41350296,NightValeRadio
69651204,CriminalShow
5539303,Roman Mars
1242667,Love + Radio
16563806,BackStory
125332894,Jimquisition
35042463,TotalBiscuit
125332894,Jimquisition
125332894,Jimquisition
35042463,TotalBiscuit
19610109,Android Authority
121703885,Reply All
19610109,Android Authority
35042463,TotalBiscuit
125332894,Jimquisition
62921190,a16z
61106095,PlayStation
35042463,TotalBiscuit
137735340,FunhausTeam
108542998,StartUp Podcast
4951,Nerdcoreblog
82926214,TheWANShow
44723883,Tech It Or Leave It
108542998,StartUp Podcast
22529070,Vergecast
121703885,Reply All
137735340,FunhausTeam
62921190,a16z
61106095,PlayStation
125332894,Jimquisition
33711988,AntiCast
35042463,TotalBiscuit
21436304,Auf ein Bier GamesPodcast
35042463,TotalBiscuit
89811493,BadKidCast
48637469,AtomixVG
2604591,brains9
35042463,TotalBiscuit
62921190,a16z
35042463,TotalBiscuit
125332894,Jimquisition
137735340,FunhausTeam
113133215,Level BackUp
26187934,Qualiter
89811493,BadKidCast
19610109,Android Authority
33711988,AntiCast
2604591,brains9
113133215,Level BackUp
48637469,AtomixVG
44723883,Tech It Or Leave It
6888303,TWiStartups
22529070,Vergecast
37821532,Yogscast
125332894,Jimquisition
85240368,Talk Nerdy
108542998,StartUp Podcast
48637469,AtomixVG
62921190,a16z
11789203,TWiT
39193389,retronauts
3247801,techsupportrich
89811493,BadKidCast
4273388,The Stack Overflow Podcast
48637469,AtomixVG
3247801,techsupportrich
35042463,TotalBiscuit
137735340,FunhausTeam
121703885,Reply All
82926214,TheWANShow
82926214,TheWANShow
48637469,AtomixVG
17284189,ArsTechnica
6888303,TWiStartups
4273388,The Stack Overflow Podcast
21436304,Auf ein Bier GamesPodcast
125332894,Jimquisition
29134937,Chips with Everything
11863322,Larry Hryb (Major Nelson)
108542998,StartUp Podcast
176450061,Ctrl-Walt-Delete
62921190,a16z
19801067,Scott Johnson 24
53270929,TearDownShow
19801067,Scott Johnson 24
19801067,Scott Johnson 24
29134937,Chips with Everything
125332894,Jimquisition
35042463,TotalBiscuit
46863489,USA TODAY Talking Tech
48637469,AtomixVG
19610109,Android Authority
99761462,Gaming Illuminaughty
48637469,AtomixVG
71194944,Epicenter
17284189,ArsTechnica
99761462,Gaming Illuminaughty
46863489,USA TODAY Talking Tech
121703885,Reply All
35042463,TotalBiscuit
5159238,Eidos-Montr√©al
11458857,Tecnocast
19801067,Scott Johnson 24
61106095,PlayStation
48637469,AtomixVG
