48084634,XXXTENTACION
10494998,LIL UZI VERT
99685284,Post Malone
505203,ETHEREAL
3932070,Panic! At The Disco
250567331,Lil Yatchy 
1377057,Interscope Records
180986905,Brain Bakery Mag
67377000,SKI MASK THE SLUMP GOD
1856723,Fitz and The Tantrums
12891691,smokepurpp
29341932,Mackned
67962887,Rich The Kid
2406814,UnoTheActivist
266075,HORSE HEAD
22054085,JorGeHL',"b""JorGeHL'"""
105574991,Dj MontanaRare
225793518,juxta / Atom Collector
114960460,Matthew Wilson 154
14610102,yunggoth
178913424,Stitches
45843856,Nurma
233919827,Blurry Pilots
59788019,Soaring Radio
7761734,JohnZoe
4263813,BURGER RECORDS
91517026,win32
226517465,Fall Out Boy
70904209,nickapiss
1072199,FearlessRecords
75403832,Scorpionium
182689078,GOTHBOICLIQUE
149230786,addivt
4781093,Fueled By Ramen
78592473,Juninho Souza
20405927,KEY!
922374,Epitaph Records
1222764,Hopeless Records
24019310,Lederrick
1577559,There For Tomorrow
12001688,copyc4t
12579731,TeraBrite
8813564,th3hunter
121588493,Karma Rhythm
8057582,The Black Keys
10300858, KAY P | YUNG SHIVA  
108905767,Samar Elsayed
79389165,lil pony aka lil bronco
453920,WarnerBrosRecords
171693701,Danny Towers
106902584,Trippie Redd\x7f
212616144,mariopartier123
41298739,OG Maco
11474351,BRENNAN SAVAGE
9679046,Igor Carvalho
1283946,HappyHourband
17482957,Jared Kotler
183700132,INDIE INDONESIA
204341,BURNS
31327168,@ryanstaysaucy
41208298,Monsterjj
4765678,aramis-schultz
213981982,Pedro Chavez
788205,KAYTRANADA
48138556,Hipst3r
1433035,Hippie Sabotage
82755540,Smooth Music  We Need
8553751,Monstercat
78276678,Wonderlust
25343050,NoMBe
150774631,Your Secret
42371429,Aktaridon
114527679,Axl
3399796,MrSuicideSheep
92098484,Jackrichardson 00
131353465,HIGH ON MUSIC
51945440,SyrebralVibes
22153023,UniversityHype.com
152355181,ROOKIES
61189209,Cucoriedka
140402822,Record Record
74594593,chinchilla
16408184,Kidswaste
101994252,The XXX
33814476,oshi
141989084,Beauvois
2506938,Faraji Farmer
2852068,Sonny Alven
90149759,Lost Kings
186664645,K!efer
4360546,Kygo
22854611,Shruee Liana
68749546,JFerris
3604146,NOVA
91742964,ICYTWAT
94475436,Ivory Oasis
21268086,FlicFlac
18977495,V E S T I G E
196904080,Neekan Doaiy
9766050,relaxdaily
103470313,LAKEY INSPIRED
153073241,LOSI
58852567,kevinwallace14
24980742,brothel.
445063,Thissongissick.com
66374689,Relax-Meditation Music :)
2780678,Ehrling
49491120,Tauqeer Ahmad Waheedi
51620102,vermilioneyed
910789,Lost Stories Music
105210601,Kait- Con Botas
55904159,SIAN AREA
4634,Kompakt
171928293,Zeds Dead Mixes
160122413,slushii
197768664,SHVRDZ
10936880,Brenni Booth',"b""Brenni Booth'"""
90530754,Sean T. Phan
4842186,Tora
179628227,los sandrales
33535552,Emprise Music
22996155,Celadon City
29237449,fraggtracks
61743682,BLVCK
128046106,OTODAYO Spa
48533359,Thedragonblade1
239374516,Ghost EW
608044,Hivern Discs
196374075,mattb2
104500660,CokeStudio
119905839,madeintyo
23706060,TCM Underground Official
224658016,OnOffJD
62912516,VILLAIN
213556446,StreetzHottestMusic
102203572,Umer_Yousuf_Chaudhary_30
17692853,Ahmed Gado
92353490,Rida
29645887,Hasnain
140186,chad lawson
228554497,Ibrahim Minsh
5993221,LUCKI
114508977,Asad Khan
884151,Glenn Morrison
9510801,Massimo Ghianda
22284683,Reese LAFLARE
27034006,Nour Moukhtar
93012492,Emraan barjunglee
54822000,Bonifansius
42301153,Jack Villano Villano
126977709,PakHungama.com
224054258,spook9988iii
231469112,MPmusic
2257657,Devochka
82938614,Bighoo
101270962,Agus Eka
22089431,Bluenchanter
125716914,MRmlp
756204,Ala'a Ahmed !,"b""Ala'a Ahmed !"""
21887378,LaVender
3894128,NT
897895,rodrigovaz
53676648,Safena
130238842,AQuariuss
1597332,Farhan Zameer
187684638,Best Songs Ever <3
23998641,NarutoRoleplayG
34453031,Ahmed Ragab 30
61832710,George
24784871,NESCAF Basement
160595166,AHMED GADO 8
8366808,Uguru
247588436,Save Me
17789414,Dj Suede the remix god
13765181,Kareem Ahmed
51524247,NED.Music.Society
5367367,Jazz Cartier
13704083,hassan19872
165578416,Hamada Nakata
15713027,Raymond TheLionhearted
223175015,Pius Fundi
730570,necmusic
2811677,Lac Boi Boi
21429650,JRhodesPianist
57063063,mohaned zidane
14900458,Asheezy
28724535,Ali Khan
22061585,*PACMAN*AKA*PAC*
9531102,lilypichu
41822454,Osage69
44257469,Raj Kishan
31601081,dj_khattak
104227523,Video Songs HD 
44915782,DJ LUAN FINAL FELIZ
219805753,Mongolian PARTY
28094731,Ahmad Qassim II
71410669,Felipe Santos.
28480920,Abida Parveen
139195220,Ahmed Gado 5
35405706,Adham Safena
41336589,mrs_slender
8150715,Classicalmuzic.net
30126884,Tatiana Zoghi
81636289,ShazZi
735621,Flight Facilities
50638933,Raja Abdar-Rahman
2439762,music-mdc
44915220,BFLOWER
5627590,Deryn Cullen - Cellist
67135896,Veillex01
163656612,WSOUNDS |Sertanejo 
193077584,WSOUNDS |Sertanejo 
217040908,WSOUNDS |Sertanejo 
108563171,Sertanejo 2
135141216,JrBorges
234253844,WSOUNDS| Naiara Azevedo
77024077,WSOUNDS |Sertanejo 
162552021,nilsonas
155506010,Cole Swindell
8741361,Country Music Association
8794623,Sertanejo
38013520,AhmedMohie
99997112,Pedro Corra
47602649,Dan + Shay
36177359,Blake Shelton
3106398,heeduardoh
33890021,Republic Records Staff
33915322,luizcaroficial
4028907,D o n K r e z
203674703,WSOUNDS| Jorge e Mateus
38168831,ROTC Music Publishing
125726622,SOUND  SERTANEJO 2016  (Oficial)
160625379,Cristian de Almeida
203624329,WSOUNDS| Maiara e Marasa
47550758,Andrew Medhat
59551063,Banda Tchimbalai
240629253,Letra Videos
149170648,Brett Eldredge
17744233,BillyCurrington
207042662,Sam Hunt
1444181,DJ J-Krisp
4538971,ericchurch
1245401,thecollectivesounds
166463724,RandyProvolone
93118372,Official Luke Bryan
208004831,Chris Lane
58677736,ZacBrownBand
46512734,Gemini
13798011,COLDHART
24147285,Tarek Fadda
74380336,Josh Turner Music
46589851,James Silaen
2998079,Metablocks
10758136,Zamad Baig Official
3476570,Warner Music Nashville
27888496,matheussantosv
45388611,GrizzG
101687771,CARLOS662
9981727,NB.
11484491,Ardani Ardiyannto
193392528,JMUSIC'S | Sertanejo,"b""JMUSIC'S | Sertanejo"""
83292390,countrycurls
177239128,Diks Subagja
2068138,Martin Garrix
27111815,ILLENIUM (Official)
31538466,GhostDragon
18512467,Galantis
30005263,TAYLOR GIRLZ
12973937,Bloss House
689147,2-Dutch
65399283,zizo_Oo
24969134,Louis The Child
175766,Spinnin' Records,"b""Spinnin' Records"""
253131106,SLANDER VIP
351064,R3HAB
630356,W&W
146393,DILLONFRANCIS
110031956,marshmello
44048653,Chill Planet
245065819,Party Pupils
3398477,JAUZ
6344556,TOMSIZE
191383046,Bruno Torres Remixes
5031548,YOUNG BOMBS
7153863,FALCONS
1642029,The Chainsmokers
18319759,JUNI
134130878,Pluto
140968489,DEFLT
12308645,MELENIUM
39752080,Dennis Kruissen
209837865,Paul Gannon II
160416669,Heldeep Records
41915504,Timothy Rodrigues
4091150,VANIC Official
670089,DJ SNAKE
36551572,San Holo
30049192,Matoma
47584221,SHAUN FRANK
56069064,Justin Caruso
48133897,CleverRaisin
6112511,BLU J
247021914,Lowly Palace
168171707,Too Future Mixes
14730,Mad Decent
15301962,KAYZO
140493193,ABSENCE
168447739,Franxis
110803581,Jack 
6311034,Two Friends.
86612597,ARMNHMR
2114094,Mike Perry Sweden
22487532,Ookay
77696825,Spinnin' Deep,"b""Spinnin' Deep"""
3193275,SUBSURFACE (Bootlegs)
146453708,Crankdat VIP
166394682,NEIKED
41698515,The Him
5636679,Fool's Gold Records,"b""Fool's Gold Records"""
204297345,Good Enuff
70394952,Candy Kwon
64298578,PRO MOTION
62201440,Jax Jones
18693253,Alan Walker
922413,GETTER
27818952,Boombox Cartel
28686620,Hoaprox
8418070,miikesnow
105292,tommiesunshine
1747251,Cash Cash
19018612,Benny Benassi
946418,MorrisCode
1714334,Ayo Jay (Boy Wonder)
196821883,Fire
116273441,PARKING507
23234867,DJ Soundbag
118137722,KojoFundsMusic
109618718,EugyOfficial
4090703,DjKurtRiley
3727686,RICKYPLATINUM
234961237,BLUE DRAGON
69125470,BigTobz
75600100,austifrosty
56591741,WarstarDancehall
966517,Yensuli
7360711,Travis Garland
46094100,Trina
237057834,WBT Empire Music
629126,jamaicandancehall
156062640,Alkaline Music
338543,Mixpak
149083166,JAY SILVA
182081377,DEEJAY UNTOUCHABLE
12148579,Major Lazer [OFFICIAL]
194344880,24hrs
1803989,VP RECORDS
6944625,KraiGGi-BaDRaSTa
168378871,S I C K I C K
128793081,ALEX CEEJAY
17528611,kush_dynastyking
26564782,DancehallOfWar
3803857,Dj CosS
11362969,SLoWiNe
8146368,Notnice Records
15711515,My widy
80683550,ThyAscension Muzic
212308877,TRAVIS BROWN
999652,Adde Instrumentals
251089018,TrapNinja
247484682,The Tropixs
65339499,Cairo Palmer
599839,Herobust
25882846,Gino Morano [Official] 
17328740,Argello
37558647,Dj Kendo
2274383,Dj Private Ryan
112068557,Muwanguzi Michael
7673719,@JohnnyMillzAip
79254090,lexxredd
7625683,Jovanni Dawson
33246329,KickRaux 
45748922,DJ Ray Fresh
25626176,Koolkydd Entertainment
119792941,#Dancehall
71125,21st Hapilos Digital Dist
205163523,likkle keish
104423637,Smino
233499958,PriinceMuzik
10686092,Solloo
14539419,Street Vybez Fam SVF
79699926,Dancehall Exclusive (RE FOLLOW NOW)
546206,Atlantic Records
15330625,DJ Axx
139790902,Daniel Medina
113157411,ExotiCrew
6349040,Bear_Green
249137399,DJ NOIZ 2016
166909843,DJ ChinwaX 
82223434,MafiaTheViper Ent 
7515537,YardHypeRadio
66400298,MR PATTERN (MUSIC)
174822356,Ian Emmanuel
2910287,Swagga Right Entertainment
6938305,JuniorHype
1095998,DJMotionNE
11621448,Andre Airplane
59535950,dante/apollo
196002046,Dancehall Rave Promo
3094639,NRMG
12531769,Nonestopmusic
28070123,Steve Void
57447226,Sam Feldt
161345484,Koni
9969027,ADDAL
36371410,SNBRN
202729432,CH3VY
32503304,De Hofnar
2737750,Alok
8361462,Nicolas Haelg
15328579,Tom & Collins
64684860,Etiquette Noir
283094,Deepend
739873,Alex Cruz
25131723,Vijay and Sofia
38384346,Felix Jaehn
11180360,[ FREE DL ]
11252717,[ FEATURE ]
99433875,Armada Deep
101312044,Deep Chills
148501881,Tipsy Remixes
108699131,Aux London
18452988,Descent Into Nice
18322593,Niklas Ibach
2768949,EDX
1208640,Mahmut Orhan
4713415,KAV VERHOUZER
28884239,Armada Music
17949540,Miami Beats
12475833,Ahmet Kl
17771501,Alex Schulz Official
54506965,Kungs
119298687,EDMLead.com House
313150,EMOTIONAL
66588300,Coby-Joe Mcnamee
105582166,The Lighthouse
146086114,R3SIZZE DEEP
52153986,Selected.
6573365,KarlK
168160673,Selected Tunes
118992136,BakinBakes
32183508,MWE
5294273,Maklon
6079739,Speaker of the House
146015853,Aux Deep
66427359,Melodic Sounds
226896998,Air de Paris
116063963,DeepDeMusique
99211599,Sevenn
16103679,Kiso Armic
159959441,Sudeep Shakya
185708230,1daytrack.com | Mixtapes
136451851,Bare Chill
139894577,Amazing Sounds
1279586,The Golden Pony
26257814,Arotique
235913944,theartistunion.com
8449408,LarryKoek
258748,[ PROPER PR ]
61387297,NADA
3940904,Pretty Pink
29986752,Lost Frequencies
1836689,Midi Culture
170729809,Chill Nation
29968445,Armin van Buuren
260041,MTA Records
127662,Gianni Kosta
3574420,Oliver Nelson
4780642,KRONO
134472757,Vaughny Vo
1096477,Audio Jacker / Discotron
4862932,goshfather
183775989,Shafin Baloch
6202267,Throttle
113498163,Tipsy Records
208966674,DjBlaZeOfficial
206655257,SYLOW MUSIC
194110398,ACOT
189691447,Perfect Havoc Mixtapes
1861575,Liva K
17886776,Naxsy
29277625,LoveStyle Records
173879,Spirit Soul Records
245164128,Discolovers Podcast
8800385,Osmo
225636391,lamusicnet
97569188,Camino 84
1579950,JONES
233652435,kikok
8565561,Croatia Squad
110786065,platinumdoug
34190261,Route94
46690142,YUNG BAE
5577224,Ethan Onyx
243834712,musicmixer
1651087,Bearoid
8478149,mert882
13427333,Aabo
192285893,Syeda Alma Zaidi
63941653,Mokoa
27883158,PAVILLONN
29759329,Secondcity_uk
40681064,Stevi Stuksis
125674111,MDx Junaid
2302629,The Pool
127233266,Spirit Soul Mixes
39564,Boys Noize
8194074,KVSH
35008789,Zerb
187010527,Iasmin Soares
245330064,DoctorMusic
1081099,Moredan
141721909,Wingtip
34097522,Oskar Kolasiski
6479052,K'nan,"b""K'nan"""
258855,XX EDITS
3919956,YULTRON
38382601,FIBRE
160364073,cris dinero
193190554,Lost Village Festival
12723013,Laurenson
152042459,Djtito RD
184697490,Adam Hashh
4851683,Moon Boots
260622282,Keljet Tapes
231679860,Brn ntno
74118209,Dr Packer
191783188,Midnight Club
41091397,Sam Prock
7961568,Bar
195027207,Dj Shaka 
62153040,Amherst
237833849,Good Plus
2203437,silvanemesis
139021579,Max Creme del Creme
18554789,[CLEAR MIX]
252567253,bajwa1993
41522860,DUBDOGZ
75515156,Kid Luci
183584,Sharam Jey
28034,DJ Phantasy
1030240,K+Lab
174756057,Nela 
16069159,NCS
262372,Stickybuds~
29694103,Mashd N Kutcher
1451076,1991
14810,Aud!o DNB
415957,Macky Gee
12104873,DrumNBass
714458,Dimension
233917149,Satsujin
268013,Heist
27796673,INVISIBLE
39346322,Heroic.
1563075,3BEAT
200416485,Noisia Radio
2943614,Loadstar
516515,Agressor Bunx
40041272,Dazzle and Spank Studio's,"b""Dazzle and Spank Studio's"""
440871,Shogun Audio
42447,Rene LaVice
65147,DELT HEVY
4521252,EATBRAIN
11559731,sunandbass
252623270,Mohican Sun
9182190,Drum&BassArena
39006678,BlackoutMusicNL
11200454,SNELY (OFFICIAL)
53864020,KANINE
184528224,Vibe Central Recordings
116681,NOISIA
1207292,Virtual Riot
1076327,TechniqueRecordings
3631627,Droideka
10579472,Olivia Escuyos
109925106,RdioCostaGold
843252,Culture Shock
462976,Erb N Dub
1146345,Metrik
232792434,SaSaSaS
415653,UKF
1279130,DJ Premium
659761,Seven Lions
3446998,ANDY C ram
251910691,Jun Kuroda_bootleg
11439075,DJFreshUK
250450,Turno
81417236,Jump Up Skank
77744579,Othercide Records
5192746,Scay
5761519,Matrix & Futurebound
441026,DJ Looney
19179,Playaz
58764,Photon snake
2931170,DJ GUV (OFFICIAL)
300460,NeurofunkGrid
856062,Skrillex
4800,Flux Pavilion
62100,Excision
40351122,Disciple   
5788538,Pegboard Nerds
16479041,SNAILS
2431310,Adventure Club
87867,Bare Noize
54577794,All Good Records
74269969,thedopestdrops
2323997,Zomboy
3576993,Insomniac Events
63493914,EDM.com
3158948,Dubstep
60663,Borgore
101993857,Pantheon
1540163,Different Heaven
1919643,WIWEK
156859,The Frim
5120454,Longarms.
305413,Zeds Dead
3797388,DotEXE
3992793,Synchronice
202908378,YKAII
4501444,Circus Records Official
1381883,MANTIS Music
2566439,jPhelpz
265325,Kill The Noise
48666393,B-Benil
176150, Tha Trickaz 
95134076,Shadow Phoenix
2511775,DISSOLVES
18217449,Firepower Records
1599101,KDrew
6132947,Standard&Push
1412407,SKisM
5880741,Xan Griffin
35945,Figure
16830104,Dubstep Deejay
7948754,blacknoobie22
40351414,Buygore
342728,Habstrakt
171642704,Neko Wannabi
2068517,SPAG HEDDY
364118,CookieMonstatc
124036205,Never Say Die Black Label
147853091,PRIMAL RECORDS
2492807,DubstepGutter
36596204,PHLUX
18973395,Arkay
2976616,Flume
75297153,HOTEL GARUDA
192905967,XO Collective
3436341,CASHMERE CAT
1573380,Big Gigantic
179726140,Jupe VIP
106731987,Naderi
17467375,LIL JON
27059681,Mura Masa
16509370,PETIT BISCUIT
128082007,Foreign Family Collective
16095064,Far East Movement
38749873,Mickey Valen
11797934,OWSLA
49494547,Aux Paris
22025100,ARYAY
10920564,Stephen
1168435,Clean Bandit
3392465,Aero Chord
83852890,WRLD
33525051,Alina Baraz
11908863,Kasbo
1541843,Goldroom
16059310,Lane 8
421873,M83
15131532,Undiscovered Sounds
1250904,Porter Robinson
3514469,RL Grime
24800225,LINDI
18604897,ODESZA
3515905,Rain Man
831847,Brodinski
198395032,SHIROTH
19652806,TastyTreat
375,future classic
44124801,Icarus
108856420,Whethan
58879381,Gryffin Official
255948,SWEATER BEATS
153420123,Ellusive
1326413,Lemaitre
6289,The Glitch Mob
166245493,Spin The Sound
120480729,Shoolz
232752420,No Fundo Da Caixa
44524142,AronChupa
110021,GRiZ
23207907,Tarro
14449884,Win and Woo
13250284,Melvv
105504173,HEXAGON
59843610,Rando
488287,Galimatias
1426742,Axel Thesleff
5762213,DEVAULT
510022,Couch King Presents
250668,Nettwerk Music Group
4371266,EDEN
24456122,rachie `
95824500,Oh Wonder
114951235,Jasmin M.
22556605,Tom Odell
64440248,SoULuvMuziq
34609185,James TW
1570159,LykkeLi
37223,Stayloose
13375684,gnash
6645344,FLOAT
95982,Ninja Tune
12068953,Mademoiselle
1275334,Andrew Belle
152468368,Wai Lana Music
8735675,Omuniuum
21546604,rcbuenaventura
17537308,Zella Day
3200603,FOLK SOUNDZ
188677615,Sama Hassan
104332242,Wild Christopher !
41632818,Cobi
46982584,Khumariyaan (Official)
3329535,DJ Monte-S
132874594,ShavOfficial Music
21282400,Quentin__Miller
199897,Passenger
166462326,rachellemaust
166120566,The Gentle Fox
23620049,CielNgnn
505425,Vagrant Records
58359890,nugahichiro
31146219,Audio Vacation
38183239,Lullaby Babies
5529766,Ady Suleiman
98422440,Amin Fahad Ali
24888042,AndrewMcMahon
21533753,Groundbreaking
421615,Tom Rosenthal
68404532,Jasmine Sandlas
2835531,RadioMem
212046912,Ruth B
206883617,WILDES
1179077,INgroovesmarketing
4768787,monkey mind
1871187,RedHead Road
527845,Sub Pop
149502656,mixail
172873,Mr. Bill
96543367,Samuel Proffitt
69762251,Shazia Bangash
245771770,Khadija Ali
20058458,FaFaNiToM
1398464,Jagjaguwar
3685019,Ed Sheeran
1352492,Record Records
85228192,James Ocean
12075931,sharjeelmadxeightx
30030497,RHODES
90211516,Atlas Bound
29182,Mike Posner
28794737,James  Bay
23689971,chruglatu
4026303,Hedgardl
5960127,Dj Ubm Singh
117739965,Hollow Coves
1269328,Proper Music Distribution
155437995,yungdesi
3093364,o1
49198527,sexualexis
8664290,Andrew Gavin Williams
31295724,MT Bedair
7715886,Ay-Jay
202532834,Sallaria
7694202,benrector
97198104,Mohan Lall
11511654,Terrible Records
34361200,MARC E. BASSY
4275197,FRANK LEONE
20665501,youngma
71223630,21 Savage
4614033,Big Baby D.R.A.M.
4917203,Amin
15017483,Migos
107010237,"Lil Yachty, RD, Lil Boat","b'Lil Yachty, RD, Lil Boat'"
65593980,Rob $TONE
40174345,Travis Scott
7436630,Future
207970092,French Montana
6335911,Nebu Kiniza
43010623,asad
6969243,"""Chance The Rapper""","b'""Chance The Rapper""'"
72181005,Kodak Black
100910303,Ugly God
179900582,LifeOfDesiigner
45177625,PnB Rock
69676909,Rae Sremmurd
10332955,A BOOGIE WIT DA HOODIE
17364301,$UICIDEBOY$
35225382,FettyWap1738
23393657,Zay Hilfigerr
2422969,psmirf-1
228408362,Joey Bada$$
28970722,ToryLanez
11877500,Young Thug
215662654,sam
200928800,AWGE SHIT
104809795,-|T|RAP-
19252023,Russ
122760163,YFN LUCCI
165303855,PLYLIST
38863592,Kevin Gates
24807743,Nav
51460878,Kap G
207969362,YG
207842091,Dae Dae LoveLife
3197094,brysontiller
63065996,MazzaSound
6786989,DMVFollowers
8204545,speakerknockerz
184461739,Jeffry Lee
181330106,World Star Music
229860372,guccimanelaflare
4791237,DENZELCURRYPH
103330939,Z-Raww
51562330,Kehlani
4371329,EMPIRE
20352262,playboicarti
231274602,Boombox
189230022,Hits On Fleek
66194869,GottiBenz
158688609,Famous Dex
956458,Dj Carnage
31037,Don Diablo
208934,Calvin Harris
1870474,Michael Calfan
118319,Chris Lake
50762861,Deejay Alex Ti
16730,Diplo
16200079,Nixxonmusic
15708649,Vintage Culture
199197,Steve Aoki
167893079,CONFESSION
2928615,GAMPER & DADONI
12073867,Filatov & Karas
1316565,The Magician
572691,Sikdope
2709976,Musical Freedom
187913335,Jacob Waller Edits
1271874,Kaskade
234332209,Press Play (mixes & bootlegs)
4904351,David Guetta
326153,UltraMusic
40696840,Boehm
22859598,Tim Gunter
97917441,Heldeep Radio
23045487,Heyder
640518,TOM ZANETTI & K.O KANE
7293319,Robin Schulz
296190,HARDWELL
4152527,DVBBS
109859243,Echelon
244020583,NRW1
80800871,Endor
724640,Revealed Recordings
274197,dimitrivegasandlikemike
1377480,Candyland
134507405,Music Hub Future
141707,Tisto
46498849,Albin Skoog
88292124,David Zowie (DZ)
107930687,LYD
244135282,Fumaratto Ferroso III
54464,dannydove
25266855,Kayliox
141189680,Treasured Tape
6161527,SCNDL
53811920,filous
228708020,Kexwell
37615690,Mulshine
144254278,MALAA
209834839,AaronDickson
34994724,~ Tchami ~
126926631,Angus Brunsdon
82787015,Future House Music
5614319,House
26533367,MKJ
242518537,DJ DASTEN NEW
9511797,Shadow Child
180178687,Jamie Milne
2348275,Lucas & Steve
243611380,TrashDog Archive
1887081,3LAU
188840331,Craig Bell 
10731939,Jerry Folk
20085067,Joe Mason
12890152,Taylor Bennett
149532453,Ella Vos
3080174,Gazzo
22586407,Topaz Jones
43467856,Ben Phipps 
11787993,Qasim Sultan
209865882, La Mer
3402022,Unday Records
100386548,Rag'N'Bone Man,"b""Rag'N'Bone Man"""
41200197,Jenn-n
17485196,Upcast Music
212254225,Ruby Empress
163948119,DAFRICAN
26417430,GiorgioMoroder
2198674,Parra for Cuva
87105617,Billie Eilish
191900612,Two Feet
3528180,Crywolf
7960866,Steve James
21801609,BAYNK
178669195,Codex
9129763,capturedtracks
7745782,King Deco
214844230,PHIL GOOD
156555160,Coast Modern
42640307,Danelle
20174617,Clones of Clones
4514182,Atlas Genius
4630354,T Ws
66077808,Prelow
453273,Wichita Recordings
1431736,RFS / RFS DU SOL
70692,RAC
14067279,Edward Sharpe Mag Zeros
1264193,Sureshaker Music
40682632,Ikhsan Agung
10398086,Tlpa
17144173,F A Y D E
44642166,Chris Pendergraft
22144015,instupendo
35484758,jeremy zucker
1141873,Labelgum
41827465,Fourtwnty
5803529,Grizzly Bear
234881869,"dream, ivory","b'dream, ivory'"
1637101,Sleeping At Last
75916890,Infinit
137833642,No Vacation
16646967,Cloud Nothings
52116743,ECHOS
39409834,Molly Moore
55931196,VARSITY
5667339,Moses Sumney
12253060,ELOHIM
32384709,drumaq
37415962,Raury
47050171,awetinoo
25449531,Jacarand
2818752,Miri Meri
2713187,Elijah Fox
16083577,FloFilz
13977783,KA-YU
31544603,DJMacinni
23326014,Andrie-Newbies
247332305,HearAndLikeIt Universe
4782679,PhizzyPhizzy
32065406,Kyle Ting
157887361,Omar Virage Sud
11821353,yael wolfenson
20472303,Michael Seyer
4345199,DAVE B
82239102,Gilles Peterson Worldwide
24139716,ItsRaVaughn
20409861,Tessatioarina
12747727,ElliIngram
6784653,Edo Lee
26648085,Bruno Takano
32189256,Reyna Biddy
64895198,Alex
38160405,Aloysius Chay
25524560,edubravogo
64151841,ST4RBUCK
62777521,Islam Ramadan8
29407035,Andry Setiawan 1
40881430,Alisha Icha
2643202,Maxxie1129
47685914,Miranda Foxx
14610098,Mozinha
99887750,PuppyRelp
80660329,Poyo Spirit
52269837,tamarosianipar
49001645,Yuly Carranza
28498658,Shima Shima Shima
30933767,feelelneel
26760366,Isabel Vianna Fotografias
108349396,Musigen
3040617,Rodriguinho
28416621,Stay See
11284014,BADBADNOTGOOD
25811500,Itamar Junior (Ita)
2831272,monsoonika
4243100,shashierzsong
151471482,FacialWeight
11351957,Danz Cheng Shih Ee
115607776,Planet Giza
542134,dubmatix
14123935,Mukunda M'Tandari,"b""Mukunda M'Tandari"""
34242712,Ereny Youssef
13299191,iMcke
167544294,Black StarZ
199943,Bubblefunk | DJ
870943,Inner Ocean Records
47252672,resti yustika
22335016,Alikaislamadina
35711758,thatswingsinginthing
67640510,Hanan Gobran
32137746,gafirzl
23509427,JWilborn
18594680,saib.
752705,BOILER ROOM
2361289,asgushi
207964087,Wayne Shorter
2019686,Tom Misch
20645364,DaMindTraveler
45028036,Sapphire_MJW
20484400,hezkiadi
40098749,Youssef Aliii
537144,Caribou.
8152540,taroskanyan
13188412,Titouan Harel
25958183,Castelluzzo
2281521,OUSK
21913805,trapdoor
570385,BRAINFEEDER
3022948,K-391
1918355,angelocarmella
3990522,MadeleinePeyroux
83237258,Sixtorein
584898,Sammy Bananas
73692689,Lika Jaliashvili
19642696,Faviola Aguilar 1
91915011,Angelina (10)
96398800,Rapetn Music
84712060,Farruko
191231654,Ozuna
143317304,The Punchline
53090065,Nelaion Music
98183892,Mike Towers Oficial
187459769,LaFirmaGroup
55951953,RD Urbans Music
67742760,Virus Urbano
101798229,Anuel_AA
142747987,BryantMyers
152224712,Almighty
19332816,Justin Quiles
44333074,YanyoTSP
105475209,BGTON
237992818,Meomix
21470906,Hugo Sax
194904259,Boobie Tanga TV
88635577,SinaloaEnfermo
231871,djlobo
3289377,Mahritsza
80570278,Heber Salvador
44577526,LatinosPauta
98261055,china_garcia21
38828962,ILOVECORRI2s
120340959,GeneroUrbano.com
109807731,EMPIRE Latino
49968571,Jory Boy
33754216,Elaguileraa
60008690,BachataRomantic
34811991,De La Ghetto
202756229,Anthony Galarza
101598518,I Love CorridoS
56050848,Dominican Power
18713733,Mz.Riveraa
21846667,PumitaRecords
208763313,XD Urbans Music
224494698,Chris Wndell
91090057,djchorlo
36689002,Christophehr
16147777,La Oreja Media Group
193871404,M.Nunes 
78352139,CRIJEOL SOUND
6448536,Jesus Aguero
181937939,"Yo Yais Music, LLC","b'Yo Yais Music, LLC'"
52537788,osmar bautista 1
6272458,Mz.Riveraa
13280596,Pouya .
6610545,Roadrunner USA
1452947,Disturbed1
56705121,Metallica
146933080,Slipknot
46307935,Jhon Agudelo 1
57574906,Numiz
11182685,erdemaktas
174587980,Sweet Martinez
41213414,Alfredo Guzman Navarro
1546189,Roadrunner Records
3491352,SBG Movement 2011
141253,edstarns
30199925,Kcover
13998910,Melisa Soledad Diaz
77713931,Mahdokht Az
1247579,Red Bull Records
28937027,Jevouscha
4684556,Wilding Studios
58549945,Kahfiaz
11853009,Yehoon Seong
64980652,Piemaster0117
165178568,Soul_eaters
111505959,Lola Saeed
886319,tylerbarnet99
8662580,Mopson
22530001,Zchted
19218193,xxd4rkhorizonxx
59406863,aquasproductions
504152,s4lvation
1302868,NuclearBlastRecords
36799982,Metal Head0
42774773,liigad
6229198,Ugyen
105399968,Angelina
44967609,Sumerian Records
10765402,BlackVeilBride
40295571,G&G ENTERTAINMENT
11739357,Nuvija
124644136,Alex Arbo
45537254,J-P Moreau
30552801,Moonlighteas2
13000822,bzkt.
105904656,thepitho
20648528,Mashreef Ahamed
27611327,Tarek Probst
5870503,SomethinWild
52835966,Matheus Albuquerque \\m/
88595866,Sohaib.Hassan
34731496,devicetheband
27931823,Suddenkurt
45092759,SlimShady0159
1681027,Metal Blade Records
57882051,OG C0MpL3X
146949386,Pantera
14944248,frankolic
165978,KRADDY
45996348,John Michael Manlupig
2616846,Little V Mills
1795784,All That Remains
4158826,DjKenn AllOrNothing
18687104,Hiatus Records
180303421,i uplod nice sogns
27873637,VitorMarks
65272465,Beast of the Last Days
183460,Visible Noise
19227754,Non Erribundi
15986000,Ollie Ashton
25720211,Charlie Munro Mixes
44233349,DavidLeshawnDavis
208875365,Gab Ltn
12039563,Samantha Harvey
6455125,Tylerinacoma
20448965,Awful Piano Sound
85753314,STEVEN UNIVERSE
33714680,Alexi Blue
5458273,starwarspunk
5548711,Maxence Cyrin
39200503,-Sanawerali-
55230661,REYNAH : part 3
78743643,Black Stoner 2
24835876,djsmell1
60245995,D.J. KAROUH
42095653,Noha Moheb
62194252,Maung Thuu
1781294,myuu
187071542,H.M.Q Bigroom
25020107,motti
1562496,reminiscience
7978487,CBMN
156095094,Sami Lindsay
65315492,ORIENSI
37660242,Pixeladed Le
9465468,Freemondo
3817541,Late Night Tales
42691969,aouysdgfahsbdfiwegdfsesuf
6907074,urubika Su
238367,Tom Cosaert
25778428,StarJ
59013724,EricaH.
50856768,KarthikKrishTunes
43763978,LaVender..
11671290,Soft Piano Music - Relax
11624200,Jurrivh
1582268,calcatelli
9160072,Steven Gutheinz
102435699,bitbird
20908063,Ashestoashesjc
3860526,Jeff Van Houten
134011041,Smyang
10573924,Exist Strategy
18691658,MYRNE
54960232,Nacho Sistal Composer
27678135,Bader Al-mansour
186881740,FreshUkMusic
1138299,sainad
7567466,Yousra Hesham
190223554,Beulah Mae Boys
2126395,Omer Nadeem
26256722,Trisha Nicole Zara
371891,similarobjects
10318569,Thanh Hoang Nguyen
2772749,Olafur Arnalds
21937391,Sharie Ingente
187498761,SeeThrough
17654530,Katherine Cordova
74622056,Dirk Maassen Official
80656044,Lillithe
61371066,Dope 
239453600,a L y S a
3800744,Nickusha
17332545,Analogue Dear
66673328,Phoenify
1772192,Jweihaas
7690050,Fuat Alkan
35802527,Modiwo
8288651,Lil'Nata OffiShal,"b""Lil'Nata OffiShal"""
40190992,Julien Marchal
12914632,Harold van Lennep
9102540,KevinTuiteMusic
137282844,Alessio Cappello composer
61477273,Kobi Swissa
190222060,Landon Lewis
202448540,Jazzy's Repost,"b""Jazzy's Repost"""
39086244,Noury . .
97649262,princess
147214857,naruto2413
95562430,JCK FRST
1358400,johnlegend
5798207,Ariana Grande
155558998,kiiara
102146930,Jaz 
3789802,SiaMusic
33931233,conorMaynard
6123534,Anne-Marie
52719497,FRENSHIP
28350945,IAmJoJo
224652905,EXPENSIVE SOUNDS
11180955,Chris_Brown
44817748,Grace Davies
194008177,YOUNG STORIA
36922176,JonBellion
104162859,Angelina (16)
3396877,Charlie Puth
18498313,Khamari
112774550,LiyahAlsina
231339595,DylanLeaks
21305,The FADER
109192215,Roos Wentink
6681596,hundred waters
165251786,Rhea Chawla
137323027,flybymidnight
54844792,Calum Scott Music
172496773,Maggie Lindemann
42993000,Miley Cyrus
20172471,LeagueofLegends
151933704,Alessia Cara
187452866,nexxthursday
1078461,octobersveryown
213836841,Naufalreyhanm
35724639,Justin Bieber
3851147,SAM SMITH
32871583,Vance  Joy
129282597,Lianna
3662826,Dawin
50698732, Kiana 
127225153,Lukas Graham
48169190,Majid Jordan
113416363,Angelina (23)
243393651,Taher Ashur
21052675,Melanie Martinez
148904739,Docian_
34296631,JP Cooper
192088095,garoteirosdesp
63953074,JonahBaker
172420066,real__pcy
99139367,itsmarkjohns
346363,Virtu
123034851,Yevhenia Kushnir
14090772,RepublicRecords
225754595,Miss Maleya
37189281,AnthMelo
168787772,SONDAR
201130299,Adriana Pinnock
257446560,Mandeep Singh
6972328,Ramy Essam
120422010,Workshow C. Artisticos
159626886,radioopenbaroficial
19231063,XUITCASECITY
207857249,WSOUNDS| Matheus e Kauan
16694369,Zack-Beat
227877653,Young Sufii
111917637,Fares salama
880400,hyojungkim93
151494867,LON
221519429,DNCE
224396592,Zeyano
119752111,Tony Armenta
209092580,Melrose
120618222,XYL
173805146,Sean Paul
25397928,Ne-Yo
193121984,Ivan Arriaga
924883,amreyesch
75188565,Jamie Mazzuca
69224503,Farca Denisa
25759651,Flean D'adrean,"b""Flean D'adrean"""
126350865,joji
22816950,praddy
131405243,Sydney Renae
25219981,partyomo
2623962,Vedo TheSinger
34738457,Ty Dolla $ign
174174555,Delirious R&b
224909370,Lloyd Music
66471268,Tink_G
102764618,DJ KEYZZ
61537325,DETONA FUNK
9011647,blackbear
253431284,H.E.R.
154321725,dvsn
3274725,The Weeknd
177989887,Khalid
150290635,GR6 EXPLODE
35810257,6LACK
24087136,Morless' Qwamainee,"b""Morless' Qwamainee"""
7769478,Toni Romiti
193762197,Trap Network
142791443,Sevyn Streeter
14627508,OfficialJeremih
13935401,XEGA
7458854,Jacquees
50758369,treysongz
93701216,RNB FANATIC
13416759,KEKE PALMER
28829151,MusiQuality
170925395,Summerella
80796374,Gemaine
230124351,iiDemarcoii
57031159,AOMGOFFICIAL
195686565,Z3 
88466712,Austinleal
42566810,Cnvct Snm
74403461,Gawddess.
176324613,Trapsoul Album
234527405,The Daily Dose
4409909,AugustAlsina
109889138,Arthur Da Zs
128555480,Short-Star
61594988,Royl X
180339208,Mila J
247073,MIKE CLASSIC
200054027,Drake - 4PM In Calabasas
117105,Treacherous C.O.B
82083076,Dreezy
5472058,WattyJay
5375990,zojakworldwide
43867607,kraniumreggae
111840476,Mr  MeGoMix
18192384,skanpgm
17365207,Yara Y. Ahmed
172531657,dj kevin
1569597,Waldvolk
3507608,clubfungus
4157988,DiRealShaggy
585254,Phase One Network
553069,Edvard.S
11374671,Banda Maneva Reggae
93568327,Dj Rj
1884664,Protoje
4524219,SOJAmusic
5059160,Alireza Dadgar
235523056,Musical.ly
450214,reggaeville
40874971,Timi
19809591,Pot Smokers
1330913,Rebelution
1832062,ISLVND3R
50667414,Latium Entertainment
23509065,Martin Ozuna
120112068,La
8749000,Natiruts
1938051,Stephen Marley
20518104,Snoop Lion
144200540,IrishandChin
12112548,Rusu Ana
1796801,ATO Records
9558995,BriannaT
307375,ReggaeRoast
52340638,Dj Chris CR
2426044,Goblins from Mars
28270707,Dennis Rosario 1
241099723,Stephaniie Batez
2792269,JBoogMusic
3002442,George House In
15029775,DJ SWAT Odj
2128143,Stick Figure
95432691,Janru Pozo Ortega
44807198,Double Jay
488422,masterbre
97981939,junaid saleem
6036980,Spades Saratoga
57837784,Leonardo Augusto
94833463,Full Reggaeton
4820783,Lucas Boldrin Macedo
69117513,Maconha Frases
13491546,shameikmoore
5224343, CHOPPA DUNKS
211806,cosmohenrique
29516510,PopcaanMusic
120469204,Subagan
1580653,Dread Mar I - Oficial
9253888,I am Jah Cure
9166160,Chronixx Music
2281203,DJ Quix
29220287,Lucas Abreu CRF
7940445,jeffeoliveira
5308946,ReggaeUp
10081047,djhamed
26830252,Amora Tandara
18901916,Lari Vargas
39772576,Mag  No  Lia|RMi692
44542364,Justirfan
7154252,Nathan Dushon
2884015,Damian Marley
3662067,indieanthony
7479309,Gee $muney
7814277,Mike Duran
201697215,XcelMusicEntertainment
182692354,DyAze
44703218,KeynerALX.
144468783,Pepe Quintana
21989510,Marcoss Rottweilas
321366,DJ NELSON MUSIC
76758504,William RP
3511713,Giovanny V
26912058,DJ Anthony Fabian
116146073,Lary Over
154181977,Espacio Urbano Music
23999329,Kevin Roldan
107325179,Brytiago
110997988,Ezeta
5864695,Ghislaine
179588244,Anitta
200010580,User 564549918
164291323,Reggaeton A Fuego
145092644,Derkor28
3793489,Dj Chynoer
44002365,KORA DJ (GUAYTAMBO DJ)
192521815,LMNDReggaeton
5545580,Cristian Kriz
167417629,Dj Luigi 2016
17388984,CarlitosAK47
18086604,DjRoy Produce Solo
29261359,Unreleased
14914723,Dj Golden Rys
192406447,Javi Cases Editions
7182902,Unreleased Reggaeton
34004812,Antonio John
52335632,Lenny Tavrez
169072728,reggaetonfull2016
4249306,mariano-pizarro
19733803,ElGenero.com
252057038,UrbanUnder Music
180091932,@Reggaeton_24.7
38411569,Santiagopx03
64790082,Deejay Piero
214062301,Bruno Torres Remixes 2
7620893,Farruko Web
72062036,Nicky Jam Music
12159736,luis maureira
159080625,Sky Rompiendo
14507855,djferminpr
1213243,Dj-Glow
208461097,Kevin Torres
12806686,Mederos Diseor Grfico
4658053,Machel Montano
28289083,Gonzz Music
27459389,Rafik Eddine
1112693,REGGAETON Movement
190136753,ReggaetonBoyZ
150330557,Bautista Caggiano
137829806,Alan6
13208273,kieff
180839793,Jay More
183038021,Ramdiel y Kelmo
135851042,Juan
593248,latinmusicsong
253987586,LosDurosTV
213330313,Trap Latin Xclusive
40099052,Cris Rojo
167895757,ALEX EGUI OFFICIAL
144082758,user175018406
14269510,xxblassxx
126196309,Raccoon  Knows
6577936,DJ CHARLEX
120468048,jax
16858288,The Score Official
31109873,NightCore
63792607,Mac Levine
6578000,theneighbourhood
16239438,Ultimate Eagles
62165970,rizky.rilos
108577047,King Arthfael
37332752,Ulviyya Ali
42297078,Sandy Star Media
44590038,Darnatos :3
2330105,user1512165
2059935,My Chemical Romance
19703074,arthyum
1957290,RawPowerManagement
1818488,LINKIN_PARK
64853574,Richrd Hanyu
45315622,Dj Soul Shard
21152034,edelson21
141715876,Imagine Dragons Music
32863274,Cold War Kids
19161121,aloosh1999
108767584,Florian.N.
139838847,SongsPk
4138932,benreaves
92128059,Villa Baggage
7559526,blink-182
4089319,The Strumbellas
21953544,Rockeritoo
103045916,CHASE ATLANTIC
15231948,Frozen-5
7040424,jirosunohara
2160855,DJChanos
2351661,plus one
111657114,Mina Andrawes
921240,Band Of Horses
22028023,Lore Perez 1
79271841,hiroshima_13
49812998,Gym Best MusicFor Workout
27237413,Faboulous95
74648722,friskyxfreak
85559749,Collin Southard
61964366,Corey McNulty
5202851,poprockssf
8222713,James Hetfield 2
10388797,Emiliano Nicols
7247570,nick
239750,william rocha
30456526,Abdul Munim Qadri
21060799,SoPagode
25195365,spooky black
16021229,Renato Antony
207998147,Temple Of The Dog
20699890,Jheyson rick
38135586,Ky0umi
21613940,YousefHisham
147446,Tantie Meg
114717227,Sushi_Panda.4142
971960,Avenged Sevenfold
148344656,flaviogomes23
1756571,Infectious Music
31803780,Isabel
164253,citticringle
43613938,AllenYjin-ch
178320464,Alex Music Art
65303942,aivi & surasshu
149071641,angrysausage
21231801,J ROGERINHO DO QUER
238032754,L2ShareOST7
212003863,mansionz
249593334,Coke Studio Season 9
34872868,KashifMehmood
22955632,Tiago Fontes
257858887,Adrian Younge & Ali Shaheed Muhammad
34614727,ACTION BRONSON
141204796,Hassan Butt
117061815,ALee Khanzada
4530031,Red Phantom
721057,Jacques Greene
160662666,Panthurr
28659662, TRAFICO DOS MORROS
154956568,Rachna Goswami
101431959,Mrs Rhymes
137892463,Francieli da Rosa
120103782,Dulcet Refrain
152892829,DJ Leandro Sales
31101223,Abdulrhman Allam
427999,Joakim Karud
30611488,Geoffrey Simeona
10727952,OSTsbin
140941125,Daniel Caon
6385522,Giorgio Iannelli
20742245,DJ LC do Martins
255863350,Funk Brasil Oficial
30074727,ArceusGP
254325033,K2N  K-Pop 35th
79188531,theluckycharm
200544191,iKOFF_
22490669,dyalla
23642442, DJ LUCAS DO TAQUARIL #22MUSIC
204710038,Nehal Khan
20253011,The Most Epic Music
39647654,DOORN Records
18547488,Dj Murilo Mesquita
49938,Gustavo Mota
86167113,Oliver Winters
6693932,reino5o
203,adambeyer
98866995,MarcusMullennn
4274432,Droplex
198443,Joris Voorn
182049,Drumcode
319728,Chapeleiro
1562646,Short Round
3941306,Mixmag
111204110,Behmer
1038649,Eric Prydz
230703520,We Are The Brave
206657,mandragora! 
22769,Joseph Capriati
59880230,Sefa
94691186,NICK PROSPER
2935191,Mind Against
33381607,Elderbrook
260439,Nicole Moudaber
7364133,Amir 
157458540,MIXMAG GERMANY
217087,Hotflush
488,Pan-Pot (OFFICIAL)
4417549,Klsch
37767789,Drew Stuksis
30786276,Ollie Iles
213456966,Afterlife
52318025,Second State Audio
5207300,TommyHanson
235805486,Scuba
349011,Annie Mac Presents
175053,S3RL
990730,Groove Delight
17591573,Maytrixx
7004005,Fabrication
17461098,Baikal
1701116,Angerfist
177950468,Augmented Deep
10695247,Extaso -live-
4382366,Ben Klock
590853,Tronic Music
203765265,Machete
587741,Boysnoize Records
2384354,Dr. Peacock
15732986,Moonwalk
2992248,Strong R.
24662519,Nik Sitz
1661608,Mark Dekoda
1146848,Billx
7972715,Achmad Fauzi Sahri (3)
11009453,Breech_minimal
44598884,JKim19
983087,Epok
10927553,TwistedCircuit
16939694,Duane Bartolo
8224598,Avenix
171814375,Minardo
39390612,Max Howard
2335882,AJ Christou
1372431,Nathan Thomson
13968770,Adri75
89765430,Senso Sounds
57637947,vinivicimusic
6111509,Doktor Froid
99018979,Armada Captivating
229482,claudinhobrasil
328374,Universo Paralello
62930740,Tristan Schmidt 2
29316280,Belik Boom
1412183,Azax
72446939,Dang3r
16620767,Berg
2714299,Major-7
814237,Ritmomusic
100184323,Armada Night Radio
58502729,A State Of Trance
183425,Rodg
9311293,WARRIORS
19209004,Future Frequency
3548599,ZANON
6859216,Upgrade Music
173402339,Axl Hazarika
169250756,VII
1814899,Blastoyz
13644197,Blazy
197484968,Find Your Harmony Radio
1242539,ASTRIX (official)
296375,Mark Sixma
134568,Neelix
2797640,StatementMusic
20858073,NIKELODEON
1600785,Hi Profile
12640729,OZORA Festival
5690393,Ghost Rider (official)
944515,InfectedMushroom
9971600,Coming Soon!!!
1519628,DjYahel (official Cloud )
1057056,Dash Berlin
53235774,Reality Test
26912952,DaVinci Code
231914518,lilhothands
16008252,FabioandMoon
116337358,crocoloko
942050,Symphonix
60473184,Muhammad Anwaar Khan
245184,IbogaRecords
9870292,Anne-Aude aka Dj Shankari
27128165,Kraft-e
1322509,sestosento
1226582,BLiSS
5926405,Ranji @
651908,VERMONT
8677062,DJ gabriel
174016189,R3TRANCED
74034119,Wanted
9910169,Aly & Fila
106847425,SHAYOR
3512831,Polar Energy
190084,Mohamed Ragab
1883858,Goa Trance Music
97558122,LocoWeed
46259543,Bad-Bunny
142478480,slab%
193649478,T-Sizzle24
3480303,T-Mass
100578347,DARIIOO
128918247,2DZ
103722868,Lucian
8201076,disto
93105379,Noriel
182124701,Darellpr
122637617,More Than Records
51276113,Crankdat
30223684,Daniel Olvera
91875479,Digital Trapstars
256323622,No Riddim #2
99300046,Elysian Records
74620231,Electric Spark
97864009,IV REAL MUSIC
18172313,Alex Errday
192669233,DEUTSCH RAP SUPPORT
202166446,PLUG STUDIOS NYC
70816700,FERNANDO RIVERA $
5020442,Marcus mj
144635756,IIIXXVELL
6425726,"Juhn ""ElAllStar""","b'Juhn ""ElAllStar""'"
248059158,Trap Cartel
17797035,Arman Cekin
165320750,Django
13813117,Trap Cords
21567438,Pesos..Baby LaFlame Beats
3082177,KNY FCTORY
218993,Torro Torro
27580353,Trap Nation
30995894,Dvice
181185830,Aspire
155482777,Arman Cekin Remixes
14766,Mayhem
101432575,That Murdock
26795107,David Akd
243329054,TheNewSupply
24957202,Hex Cougar
245843241,offcialkevonn
86812160,IG// @SenseiOfSlavery
17926324,Enschway
192140114,TeamTaj
248860003,TRU SLAB
42217043,NOT YOUR DOPE
172249277,Tomsize
312963,Flosstradamus
253505767,TRU MOTHERFUCKING SLAB
34051612,KELMITT
247049821,LOS DUROS CON LOS DUROS
100585002,Trill Sammy
252165444,Fansss
133749889,Belly Squad
69257219,NGHTMRE
540952,iamhypnotik
60382834,Space Race
84938423,MuzikFene
222074365,Mittix
6352598,Supa Bwe
158944048,FatalExc3pti0n
3042707,dj_aLloi
75375003,Black COAL
20418657,ug_vavy
16019489,Shes excited!
4657484,SHEEM KLUAF
33410636,Imagined Herbal Flows
13501082,TheNujabesLover
42630956,TreJefe
8815594,CJTopOff
939022,Weaver Beats
241310128,OnlyTrap Inc
69981278,Logan Cage
171467607,Ramsey
106499016,DDM Recordings
65529094,resurgence
2360716,Cobana 
52170874,Rayven Justice
17816142,Yusuke Mizushima
50983799,Ciara Aldridge
300697,Sebastian Ingrosso
5607237,Trip Hop Nation
762863,Mr FijiWiji
60312443,Mounika.
83725339,Morocco Brown
48386371,tobuscusfkmepls
7264346,dinnerwithjohn
259847959,heyyan
150242265,Mirella Zanetti
360663,Poldoore
255960741,Dunks Dubs
74682011,Wavvy
22113052,Ark Patrol
113445141,hyunjaew
97809343,pace
133074340,Majik
245102880,KLASHTALK
5428132,Ju
87707126,Jean Emerick
72491800,Future vibes
4411,Gramatik
18059731,BLACK SMURF
72049,Hannah Wants
221463341,HypeHipHop
79716363,trippythakid  
32160892,
2633012,Mindpleasure & Friends
190278568,User 831524626
121315043,Alasfour
244370652,    
122239290,Dr.amr 7a7a
3247986,Amr El-Ghitany
35454384,Carmen Soliman
217754309, 
200299218,Zeyad Kamal
240779386,Nagham
127942113,Samy Adel
76640099,Mohamed Jeery
104613727,Ahmad Arqawi
22403628,Mohamed Talat Zaki
155580289,MaHraGaNaT Exclusive 
102433987,Assala
63517989, moud
204462509,~Never Land~
66090208,Temsa7
212479894, 
238427464,Mahrganat
5294984,MaTb3aa
94140034,Mahmoud Muhammed
11674330,omar said
123598081,StarGate
140760262,Fareda Ahmed
8129323, 
118513979,Princc Midoo12
69512472,mazenmezo
13901843, edeeb 
188925788,Eyad Jian
56652264,Adham Seliman
251655792,Instagram: Ahmedshalaby77    
200486753,Mohamed Saad
58423443,Taha A. Gado
37591719,Sayed El Lithey
100192622,Jolie Attar
103667786,MMShoulah
63704891,Peter 3adel
125511232,YousseF Fathii
83761969,Mohammed Shurrab
125139230,Egy Tracks
165268166,Mohammed Al-sheikh
81822463,Dream Perfect Regime (DPR)
7639134,NaderHamdy
88869425,EL Shewey
65499462,user501231236
111752166,Mii-To'u,"b""Mii-To'u"""
18990367,Omar Metwally 
4427967,Safrota
245221433,  -   
206987410,Hs Spri
3622311,Rose_d'amour,"b""Rose_d'amour"""
91249323,NouRLando
60676630,Kimz Mattar
32077074,MADU
10138280,Aj Assim
142563375,ALI Mohmmad
253261542,Wasta Network
64447173,DoDGe
163449727,heba fawzy
54434978,smart.BeDo
45815454,Momen tommy
16978677,Marwan Tarek
5967664,Rami Nassrallah
65427451,Mahmoud Hakeem
83581390,Tony
109490298,HawssaCC
72417203,Ahmed Wesha 1
184579370,sha3by w BaS  PRO 
150569504,Sara Elshabkaa
118598422,MooDy AD
242800188,
128037725,Soraya Emad
110997020,Solly MiZo
56573189,TRPmix.com
74238450,Muhammed A. El-Naggar
12093337,TrpMix.Bershama
49413349,BaRaKat
216423964,Ultras Filo
27885497,Maged_Ali79
30211778,Wael Elbaz
48437728,Menna AGlan
8506782,[Musica] Player
8117204,Ahmed Elgammal
111282457,Muhameed Tarek
188912252,JAY VIBE RECORDS
233387095, 
130429892,Ahmuxs
2091062,islamzeus
21858659,MarkoElpop
169312955,ahm3dmostafa
73687949,tokka mahmoud
197807940,eLMoShaKeS
232379311,Mazen Sadek
43343162,Pottermore
1787232,FaberBooks
82057256,Ladybird Books
73637897,HarperAudio Presents
19768198,HarperAudio
42137835,Hay House
32891137,fatimabdullah
17840702,HachetteAudio
4664302,PRH Audio
880811,Post Hypnotic Press Books
4247850,Penguin Books UK
29135465,Guardian Books podcast
49362068,Hay House UK
39103482,Audible
39473817,BookD Podcast
86072884,Puffin Books UK
8214906,OrionBooks
35772666,AudibleUK
10724569,Dead Good Audio
21304054,MacmillanAudio
17275829,AudioGO Audiobooks
16059,BetterListen!
9864124,Avoc  
50758087,Books and Authors
5321014,Simon & Schuster Audio
19996639,HarperAudio_US
50749642,BBC Book Club
39683459,Harperchildrens
77579800,Rhonda Byrne Audiobooks
97151295,FT Big Read
2366352,garyvee
60292654,Brspodden
7549311,The Economist
120526530,Placeras STOCKholmsbrsen
146427556,The MFCEO Project
37590655,HBR IdeaCast
59518458,#Sparpodden
22645009,Helios Herrera
131412063,Chat With Traders
29314499,Bloomberg View
173224393,Bloomberg
25784520,M24: The Entrepreneurs
97147941,FT World Weekly
68016047,NVP Tamlyn&Andrew Samuel
25784122,Monocle 24: The Urbanist
150526623,UnitedNations
10894782,CambridgeJBS
10953460,Marketplace
85435912,BiggerPockets Podcast
97148339,Lucy Kellaway
103179866,Ready Set Go to the Top
71129812,AskPat
87035121,EFNpodden
99008812,Addicted2Success
55345306,deannaherrin
29898361,ThisMorning
141544632,Mdi
44683272,Shane And Friends
48039907,The Read
88794716,The Brilliant Idiots
24758916,theMonday Morning Podcast
169774121,Bodega Boys
169150534,The Basement Yard
95476128,Not Too Deep with Grace
167300167,The Friend Zone
143463073,Lip Service
32443384,Epic Rap Battles
54230392,The Cracked Podcast
45519877,Comedy Central
4474692,Comedy Bang Bang
137846288,Last Podcast On The Left
68891950,Guys We F****d
29842629,complexmag
150593546,SourceFed Podcast
54244466,Podcast do Pretinho
4483139,How Did This Get Made?
50596911,The JTrain Podcast
144894657,A Waste of Time
1153176,billboard
138976584,The Joe Budden Podcast
154009125,No Jumper
109532020,Jenna & Julien Podcast
40440599,El Goldo y La Pelua
71500666,Double Toasted
45633928,"Ty, Kelly, and Chuck-America's Morning Show","b""Ty, Kelly, and Chuck-America's Morning Show"""
112884510,Psychobabble Tyler Oakley
48684217,The Combat Jack Show
99643372,TheHipHopLab
18121504,The Glenn Beck Program
156542883,Dear Hank & John
67277186,MOViN925
150303766,VladTV
21534608,Creepypasta Storytime
6592090,Dormtainment
90175412,RuPaul: What's the Tee?,"b""RuPaul: What's the Tee?"""
51404188,Saturday Live
7352216,VICE
29782395,Ground Zero Media
5329745,HOT 97
68028612,Nawtico
139726839,Juan Epstein
21332328,BuzzFeed
2026924,CFOX
5170489,marthadebayle
5453079,FunX
159731919,Break It Down Podcast
141381968,Another Round
48684663,FanBrosShow
7856128,wxpnfm
79294269,Fat Man on Batman
6880308,Adam Buxton
2150697,KinkyCasey
59753170,Waking Up with Sam Harris
25722217,LifeLeveler
33856806,5 In The Afternoon |      
68198492,"ENVP, Donna Johnson","b'ENVP, Donna Johnson'"
2461663,Intelligence Squared
4135366,Lewis Howes
38956157,Digital Spartan
3846881,Dreaming in the Void
37126173,debbieneal
2427644,UCL Sound
31740038,TalkToMeInKorean
51674511,Partially Examined Life
77469217,Mike Cernovich Podcast
818784,Part 1-2 the power of now
13385304,davidji
17473905,A Way with Words
27330924,LiberationInMind
57849969,Archaeology
22327601,DW - Learn German
68186648,Good Life Project
4145486,University of Cambridge
11049439,Tim Ferriss
49240110,Rmngrandpalais
44687512,Rich Roll Podcast
165595159,Campus
50759503,BBC Radio 4: More or Less
30780299,ColChrisHadfield
54336681,Jonlavin
41201982,FarEastMotivation
17286807,LSE Podcasts
2018680,Stanford eCorner
12981826,centerpointe
44663681,latinousa
120759957,Louder With Crowder
25346550,BuzzFeed News
83335904,CBS
34694383,98.9 WCLZ
120252892,BBC Gahuza
52090386,morningshow.hu
27727801,bbcburmese
96740050,The Radix Podcast
29826576,NYDailyNews
15724647,DRadio Wissen
157648308,Fatu Radio Network
162128053,Radio Omega
138569037,Red Ice Radio
74131383,Monocle 24: Foreign Desk
22961888,Landesschau aktuell RP
76926899,World View - The Irish Times
28767177,Pepe Billete Uncensored
116961113,Matt Walsh - TheBlaze
89420700,Artunduaga por la maana
35947395,Buck Sexton
142270231,Motgift
7211860,NotiUno 630
99045771,Washington Free Beacon
15799848,RFA Burmese
53483113,RTVC - CARAIBES FM 94.5
30886644,   
93488201,Arkansas Times
58912804,Radio Fresh FM
29134487,Guardian Politics Weekly
113127262,Newslaundry
29431928, 
142201817,GLZ Radio - 
20963643,HPM - News 88.7
2310520,RFA Vietnamese
140079706,M24: The Big Interview
95733114,Hagmann & Hagmann Report
23627464,The White House
51421269,WSHardtalk
50009496,Huna Sotak
57491208,.radio
67953725,Mustafa Hosny
3702142,supresencia
24350376,Mia Astral
2155688,On Being Studios
66735073,Massage ASMR
18323620,Padre Paulo Ricardo
13337910,CTMI
2747780,NgalSo Sound Archive
67607332,3ashig alm3atig
9550553,casadeoracionmexico
71208277,The Morning Answer
60249133,RADIOVOX_ORG
26488599,pildorasdefe
246873,Cape Town Muslim Events
104682107,council1arch
160593169,Rabbi Daniel Lapin
38128127,StarTalk Radio
112904040,NASA
51405840,The Life Scientific
2342585,Nature sounds
29134061,Guardian Science Weekly
51412539,WSDiscovery
10941082,SciFri
109535128,Newsweek Tech & Science
8396837,European Space Agency
1310632,Listening Earth
166801999,waitbutwhy
175240992,The Bill Simmons Podcast
29135737,Guardian Football Weekly
44619822,IrishTimes SecondCaptains
82132148,HBO Boxing
63070057,Fighter and The Kid
46438170,Steve Dangle Podcast
40717662,The Attitude Era Podcast
119064837,Men In Blazers
6421733,Pregame
158429108,The Fantasy Footballers
17892688,adidasfootball
98381617,The MMA Hour with Helwani
29292848,MMA Beat
167794477,The Nolecast
145331061,The Corner Podcast
6233389,zwwdf
54149232,The Game Podcast
53729553,The Jillian Michaels Show
59483372,Cruzados
31104708,The Solid Verbal
56715894,ShutdownFullcast
147445853,Anik and Florian
88271741,1. FC Kln
12429852,BGN Radio
109631238,The Stephen A. Smith Show
98602096,ColtCabana
75202880,Dirty Sports
46161154,SPORT1.fm
12873059,Warriors
24058849,Off The Ball
55907462,Bet The Board
70429005,newgenpodcast
169482547,PodcastAin'tPlayedNobody,"b""PodcastAin'tPlayedNobody"""
2104676,Arseblog
87529600,SiriusXM NBA Radio
76930635,TSN 1040 | 1410
35130728,MMA Roasted
83214438,UEFA.com
32998650,The Come Up BMX
87532681,SiriusXM NFL Radio
41350296,NightValeRadio
5539303,Roman Mars
69651204,CriminalShow
1864583,siftpodcast
675480,Benjamen Walker
1242667,Love + Radio
240146254,Hennessy
136833289,The Mortified Podcast
29669516,ARTE Radio
16633995,Strangers Podcast
3009842,Snap Judgment
3334595,The Truth Podcast
11150128,Radio Diaries
13270730,HereBeMonsters
16563806,BackStory
50759330,BBC Radio 4: Midweek
9491920,Radio Ambulante
29752646,"Documentary On One, RTÃ‰","b'Documentary On One, RT'"
123653482,Gimletmedia
3439653,Radiolab
33831735,This American Life
89743233,Button Poetry
16252415,The Story Collider
57972268,UnbelievablePodcast
124613727,Reveal
125332894,Jimquisition
35042463,TotalBiscuit
19610109,Android Authority
121703885,Reply All
62921190,a16z
61106095,PlayStation
137735340,FunhausTeam
108542998,StartUp Podcast
4951,Nerdcoreblog
82926214,TheWANShow
44723883,Tech It Or Leave It
22529070,Vergecast
33711988,AntiCast
21436304,Auf ein Bier GamesPodcast
89811493,BadKidCast
48637469,AtomixVG
2604591,brains9
113133215,Level BackUp
26187934,Qualiter
6888303,TWiStartups
37821532,Yogscast
85240368,Talk Nerdy
11789203,TWiT
39193389,retronauts
3247801,techsupportrich
4273388,The Stack Overflow Podcast
17284189,ArsTechnica
29134937,Chips with Everything
11863322,Larry Hryb (Major Nelson)
176450061,Ctrl-Walt-Delete
19801067,Scott Johnson 24
53270929,TearDownShow
46863489,USA TODAY Talking Tech
99761462,Gaming Illuminaughty
71194944,Epicenter
5159238,Eidos-Montral
11458857,Tecnocast
